WDPA_PID,WDPAID,NAME,ISO3,IUCN_CAT,MARINE,GIS_M_AREA
1,1,Diamond Reef and Salt Fish Tail Reef,ATG,Ia,2,14.587807623412
2,2,Palaster Reef,ATG,Ia,2,3.8330944159518
46,46,Reserva Biológica Atol Das Rocas,BRA,Ia,2,351.426696544039
126,126,Los Flamencos,COL,Ib,1,23.3748048045
161,161,Isla Guayabo,CRI,Ia,1,0.015999043744878
233,233,Flamingo (Bonaire) Sanctuary,BES,Ia,1,0.425273940351897
503,503,Nuyts Archipelago,AUS,Ia,1,24.2212809308961
1047,1047,Buck Island Reef National Monument,VIR,Ia,2,76.1365799997324
1273,1273,Leuwang Sancang,IDN,Ia,1,9.72876646397678
1334,1334,Nordaust-Svalbard,SJM,Ib,1,36858.8601185879
1335,1335,Søraust-Svalbard,SJM,Ib,1,15489.2710575999
1342,1342,Aldabra Atoll,SYC,Ia,2,2421.13978578833
1394,1394,2001287 Rödkallen-Söräspen,SWE,Ib,1,61.7588233981671
1396,1396,2000435 Stora Karlsö,SWE,Ia,1,9.28816113652478
1397,1397,2000853 Haparanda-Sandskär,SWE,Ib,2,9.59788055446437
1553,1553,Surtsey,ISL,Ia,2,64.1325140277909
1554,1554,Eldey,ISL,Ia,2,0.029996473396522
1559,1559,Waituna Wetlands,NZL,Ia,1,6.96919350011923
1561,1561,Farewell Spit,NZL,Ia,1,84.2013511872571
1850,1850,Sian Ka'an,MEX,Ia,1,1575.74986762415
1940,1940,Kapiti,NZL,Ia,2,21.3889761347047
2219,2219,Estação Ecológica De Maracá Jipioca,BRA,Ia,1,94.7483961812723
2628_A,2628,Great Barrier Reef,AUS,Ia,2,857.995733316221
2854,2854,Pinellas National Wildlife Refuge,USA,Ia,1,0.966119830177595
2910,2910,Baker Island National Wildlife Refuge,UMI,Ia,2,1672.3972057401
2926,2926,Howland Island National Wildlife Refuge,UMI,Ia,2,1708.4572118464
2931,2931,Jarvis Island National Wildlife Refuge,UMI,Ia,2,1740.32476157312
2932,2932,Johnston Island National Wildlife Refuge,UMI,Ia,2,2293.04115230981
2936,2936,Rose Atoll National Wildlife Refuge,ASM,Ia,2,6.67036952661984
3156,3156,Vuo Nature,FJI,Ia,1,0.028717724865214
3200,3200,Nord-Fugløya,NOR,Ia,1,3.862313965511
3202,3202,Øra,NOR,Ia,1,12.6436227468892
3207,3207,Karlsøyvær,NOR,Ia,1,39.9698525288106
4189_B,4189,MITLENATCH ISLAND NATURE PARK,CAN,Ia,2,1.1187746339383
4247,4247,Ngerukewid Island Wildlife Preserve,PLW,Ia,2,10.607863704552
4262_A,4262,Scilly (Manuae) et Bellinghausen (Motu One),PYF,Ia,2,124.185434126151
4476,4476,Sundarban East,BGD,Ib,1,369.716682120872
4477,4477,Sundarban South,BGD,Ib,1,339.446126809781
4478,4478,Sundarban West,BGD,Ib,1,513.245120402494
4491,4491,Passaros Integral Nature Reserve,AGO,Ia,1,0.046200618507648
4684,4684,Foster Islands,AUS,Ia,1,0.064749443905857
4686,4686,Isabella Island,AUS,Ia,1,0.089441190480689
4687,4687,Rodondo Island,AUS,Ia,1,0.224781379437874
4688,4688,The Doughboys,AUS,Ia,1,0.117089637344766
4690,4690,West Moncoeur Island,AUS,Ia,1,0.031683155427236
4768,4768,Melville Bay,GRL,Ib,1,5180.87077708522
5305,5305,George Rocks,AUS,Ia,1,0.026358011340569
5311,5311,Low Islets,AUS,Ia,1,0.026888661464343
5312,5312,Moriarty Rocks,AUS,Ia,1,0.017563655636509
5317,5317,Tenth Island,AUS,Ia,2,0.006226534955146
5898,5898,Riserva naturale Sacca di Bellocchio II,ITA,Ia,1,0.370390573973302
6137,6137,Tautra,NOR,Ia,1,2.26036378071278
6147,6147,Stabbursnes,NOR,Ia,1,10.0498824012855
6170,6170,Kurefjorden,NOR,Ia,1,3.23649332754207
6172,6172,Presterødkilen,NOR,Ia,1,0.743882422962265
6173,6173,Ilene,NOR,Ia,1,0.616898162426549
6546,6546,To nisi Piperi stis Voreies Sporades,GRC,Ia,1,0.44770690121209
6923,6923,2000975 Östra Kullaberg,SWE,Ib,1,1.89444224042968
6939,6939,Cousin,SYC,Ia,1,0.053552402000479
6940,6940,La Digue Shell Reserve,SYC,Ia,2,1.43769273244451
6941,6941,Aride,SYC,Ia,1,0.13976360905668
7534,7534,Forlandsøyane,SJM,Ia,1,4.78894015833006
8537,8537,Pananjung Pangandaran,IDN,Ia,1,3.82914267033393
8770,8770,Pulau Pombo,IDN,Ia,2,1.76625795858835
8784,8784,Kepulauan Banyak,IDN,Ia,1,2058.42645405251
9040,9040,Labrador Nature Reserve,SGP,Ib,1,0.024064700226301
9152,9152,Ile aux Serpents,MUS,Ia,2,0.310602557533478
9891,9891,Froan,NOR,Ia,2,393.785446583645
9896,9896,Grandefjæra,NOR,Ia,1,11.6160756776235
9898,9898,Skogvoll,NOR,Ia,1,21.6419520082815
10420,10420,2000875 Stora Nassa,SWE,Ib,1,26.0339802150166
10430,10430,2001695 Väggö,SWE,Ia,1,0.509079225702187
10462,10462,Mokohinau Islands,NZL,Ia,1,0.62899523571681
10465,10465,Cape Rodney-Okakari Point,NZL,Ia,1,4.89280135087282
11561,11561,Kaliakra,BGR,Ia,1,3.89963533672551
11848,11848,Isla Pajaros,CRI,Ia,1,0.006951585980631
11849,11849,Isla del Cano,CRI,Ia,2,52.2126605085134
12277,12277,Sakiyama wan-Amitori wan,JPN,Ib,2,10.5804265370336
12667,12667,Cayos Miskitos y Franja Costera Inmediata,NIC,Ia,1,5218.87267338498
12766,12766,Castle Harbour Islands Nature Reserve,BMU,Ia,1,0.077484378176718
12790,12790,Environmental Zone,CYM,Ib,1,9.58160577970472
12859,12859,South West Solitary Island,AUS,Ia,1,0.02992257364832
12965,12965,Towra Point,AUS,Ia,1,1.3523874720275
13115_B,13115,Nanuit Itillinga National Wildlife Area,CAN,Ia,2,209.563613416244
13388,13388,Palm Islands Nature Reserve,LBN,Ib,2,3.85704920264443
13390_A,13390,Kendall Island Migratory Bird Sanctuary,CAN,Ib,2,130.197117187223
13390_B,13390,Kendall Island Migratory Bird Sanctuary,CAN,Ib,1,80.4612245196141
13391_B,13391,Anderson River Delta Migratory Bird Sanctuary,CAN,Ib,2,160.114892726338
13394_A,13394,Ahiak Migratory Bird Sanctuary,CAN,Ib,2,6452.53692605915
13395_B,13395,Seymour Island Migratory Bird Sanctuary,CAN,Ia,2,51.2377566263864
13400_B,13400,Qaqsauqtuuq Migratory Bird Sanctuary,CAN,Ib,2,269.875015430617
13401_B,13401,Ikattuaq Migratory Bird Sanctuary,CAN,Ib,2,182.304149252184
13402,13402,McConnell River Migratory Bird Sanctuary,CAN,Ia,2,120.364868788122
15136,15136,Pelong Rocks Wildlife Sanctuary,BRN,Ia,2,0.060468279897469
15137,15137,Pulau Punyut Wildlife Sanctuary,BRN,Ia,2,0.264597182271651
17753,17753,Danshuei River Mangrove,TWN,Ia,1,0.138876025233131
17838,17838,Kepulauan Karimata,IDN,Ib,1,1873.31277756136
17994,17994,Pulau Sangiang,IDN,Ia,1,6.20880219318432
18043,18043,Pulau Siarau Nature Reserve,BRN,Ia,1,1.06993638575779
18136_A,18136,Funk Island Ecological Reserve,CAN,Ia,2,0.186841098187583
18137_A,18137,Gannet Islands Ecological Reserve,CAN,Ia,1,0.350174640938501
18178_B,18178,Port Joli Migratory Bird Sanctuary,CAN,Ia,1,2.81494478227213
18179,18179,Portage Island National Wildlife Area,CAN,Ia,1,0.714361550923205
18311_B,18311,ANNE VALLEE (TRIANGLE ISLAND) ECOLOGICAL RESERVE,CAN,Ia,2,8.14011182134248
18314_A,18314,BAERIA ROCKS ECOLOGICAL RESERVE,CAN,Ia,1,0.003862554858994
18314,18314,BAERIA ROCKS ECOLOGICAL RESERVE,CAN,Ia,2,1.37699898211779
18317_B,18317,BERESFORD ISLAND ECOLOGICAL RESERVE,CAN,Ia,2,4.06784148011942
18325_A,18325,BYERS/CONROY/HARVEY/SINNETT ISLANDS ECOLOGICAL RESERVE,CAN,Ia,1,0.24366546007703
18325_B,18325,BYERS/CONROY/HARVEY/SINNETT ISLANDS ECOLOGICAL RESERVE,CAN,Ia,2,116.37077310434
18327,18327,CANOE ISLETS ECOLOGICAL RESERVE,CAN,Ia,2,0.010251765517846
18332_A,18332,CHECLESET BAY ECOLOGICAL RESERVE,CAN,Ia,1,0.647224051835884
18332_B,18332,CHECLESET BAY ECOLOGICAL RESERVE,CAN,Ia,2,326.994693478909
18394_B,18394,OAK BAY ISLANDS ECOLOGICAL RESERVE,CAN,Ia,2,2.14822601935892
18394_A,18394,OAK BAY ISLANDS ECOLOGICAL RESERVE,CAN,Ia,1,0.034984907992839
18398_A,18398,RACE ROCKS ECOLOGICAL RESERVE,CAN,Ia,1,0.004556786212322
18398_B,18398,RACE ROCKS ECOLOGICAL RESERVE,CAN,Ia,2,2.24097941666141
18401_A,18401,ROBSON BIGHT (MICHAEL BIGG) ECOLOGICAL RESERVE,CAN,Ia,2,12.2371907545697
18402,18402,ROSE ISLETS ECOLOGICAL RESERVE,CAN,Ia,1,0.010593513047831
18403,18403,ROSE SPIT ECOLOGICAL RESERVE,CAN,Ia,1,0.205004909240845
18406_A,18406,SARTINE ISLAND ECOLOGICAL RESERVE,CAN,Ia,1,0.048249824652664
18406_B,18406,SARTINE ISLAND ECOLOGICAL RESERVE,CAN,Ia,2,10.5570949427226
18407,18407,SATELLITE CHANNEL ECOLOGICAL RESERVE,CAN,Ia,2,3.40190184784563
18422_B,18422,TAHSISH RIVER ECOLOGICAL RESERVE,CAN,Ia,2,0.108677050418949
18422_A,18422,TAHSISH RIVER ECOLOGICAL RESERVE,CAN,Ia,1,0.225813480389985
18424_A,18424,TEN MILE POINT ECOLOGICAL RESERVE,CAN,Ia,1,0.003194769630026
18424_B,18424,TEN MILE POINT ECOLOGICAL RESERVE,CAN,Ia,2,0.134829567895116
18426_B,18426,TOW HILL ECOLOGICAL RESERVE,CAN,Ia,1,0.272942467879716
18432_B,18432,VLADIMIR J. KRAJINA (PORT CHANAL) ECOLOGICAL RESERVE,CAN,Ia,2,10.7154205404673
18638_B,18638,FIORDLAND CONSERVANCY,CAN,Ib,2,70.8887546507213
18669,18669,Sable Island Migratory Bird Sanctuary,CAN,Ia,1,3.26792570385764
18682_B,18682,Moose River Migratory Bird Sanctuary,CAN,Ib,1,1.14293289859456
18699_B,18699,Akimiski Island Migratory Bird Sanctuary,CAN,Ib,2,1380.32971327415
18700_B,18700,Banks Island Migratory Bird Sanctuary No. 1,CAN,Ib,2,807.992117586621
18701_A,18701,Banks Island Migratory Bird Sanctuary No. 2,CAN,Ia,1,23.6652987235494
18701_B,18701,Banks Island Migratory Bird Sanctuary No. 2,CAN,Ia,2,32.8502298446099
18703,18703,Dewey Soper Migratory Bird Sanctuary,CAN,Ib,1,1314.28510409893
18716,18716,Bird Island Marine Sanctuary,MNP,Ia,2,1.34123702497991
18738,18738,Estação Ecológica De Guaraqueçaba,BRA,Ia,1,6.88492601541088
18739,18739,Estação Ecológica Tupinambás,BRA,Ia,2,24.0459681414369
18740,18740,Estação Ecológica Dos Tupiniquins,BRA,Ia,2,16.972978339256
18943,18943,Ilheus das Formigas,PRT,Ib,2,523.822169062773
19961_B,19961,Prince Leopold Island Migratory Bird Sanctuary,CAN,Ib,2,239.943413221757
19962_B,19962,Cape Parry Migratory Bird Sanctuary,CAN,Ia,1,1.11574811804489
19963_A,19963,Hannah Bay Bird Sanctuary,CAN,Ib,2,58.6907884701062
20064,20064,La Encrucijada,MEX,Ia,1,319.178502620167
21022,21022,Hanauma Bay Marine Life Conservation District,USA,Ia,1,0.363910741503664
21038,21038,Ahihi-Kinau Natural Area Reserve,USA,Ia,1,4.9850816122609
23441,23441,Boondelbah,AUS,Ia,1,0.038949288521567
23482,23482,Cook Island,AUS,Ia,1,0.011675085912725
23531,23531,Julian Rocks Nguthungulli,AUS,Ia,1,0.012126606284365
23547,23547,Little Broughton Island,AUS,Ia,1,0.024728958124646
23573,23573,Moon Island,AUS,Ia,1,0.018001297524064
23599,23599,North Rock,AUS,Ia,2,0.0325649450438
23600,23600,North Solitary Island,AUS,Ia,1,0.019903144877423
23624,23624,Richmond River,AUS,Ia,1,0.305372862317405
23637,23637,Seal Rocks,AUS,Ia,2,0.01629049614441
23644,23644,Snapper Island,AUS,Ia,1,0.015794519650395
23645,23645,Spectacle Island,AUS,Ia,1,0.102126475073635
23646,23646,Split Solitary Island,AUS,Ia,1,0.018752026346049
23650,23650,Stormpetrel,AUS,Ia,1,0.014519467105757
23665,23665,Tollgate Islands,AUS,Ia,1,0.039881418013114
24285,24285,Althorpe Islands,AUS,Ia,1,0.164284111750007
24286,24286,Avoid Bay Islands,AUS,Ia,1,0.069104907155927
24292,24292,Baudin Rocks,AUS,Ia,1,0.004000978073642
24294,24294,Beatrice Islet,AUS,Ia,2,0.96299459878882
24330,24330,Eba Island,AUS,Ia,1,0.177377410762936
24349,24349,Greenly Island,AUS,Ia,1,0.178463763430233
24401,24401,Mount Dutton Bay,AUS,Ia,1,0.01865880129941
24419,24419,Neptune Islands,AUS,Ia,2,140.987951725477
24429,24429,Penguin Island,AUS,Ia,1,0.01373239142251
24432,24432,Pigface Island,AUS,Ia,1,0.012673785562901
24439,24439,Pullen Island,AUS,Ia,1,0.003309191775547
24444,24444,Rocky Island (North),AUS,Ia,1,0.008373115689545
24445,24445,Rocky Island (South),AUS,Ia,1,0.02389522868371
24448,24448,Salt Lagoon Islands,AUS,Ia,1,0.294051841040621
24456,24456,Sinclair Island,AUS,Ia,1,0.007744355691766
24457,24457,Sir Joseph Banks Group,AUS,Ia,2,468.010404560529
24473,24473,The Pages,AUS,Ia,2,70.1631233230231
24479,24479,Tumby Island,AUS,Ia,1,0.095790682698817
24491,24491,Whidbey Isles,AUS,Ia,1,0.221086394807
26017,26017,Nuyts Reef,AUS,Ia,1,0.061761505216703
28137,28137,Lambda Island,BMU,Ia,1,0.000694967774993
28584_A,28584,Shark Bay,AUS,Ia,1,324.055869540446
30717,30717,Hongdo Island,KOR,Ia,1,1.2059864266569
30765,30765,2002735 Käringboda,SWE,Ia,1,1.69581403666087
30772,30772,2001921 Nynäs,SWE,Ia,1,4.13935806534599
31103,31103,Riserva naturale Sacca di Bellocchio,ITA,Ia,1,0.456607308544707
31252,31252,Borgan og Frelsøy,NOR,Ia,1,27.3758438420817
31751,31751,Reserva Biológica Marinha Do Arvoredo,BRA,Ia,2,167.484250759907
32568,32568,Ilhas Selvagens,PRT,Ia,2,91.5771945301332
32586,32586,2002408 Billudden,SWE,Ia,1,16.6532620476455
32588,32588,2001190 Agön-Kråkön,SWE,Ib,1,32.976563294785
32595,32595,2000852 Likskär,SWE,Ib,1,22.4681432234246
32605,32605,2002727 Lilla Husarn,SWE,Ia,2,11.297270799421
32611,32611,2002733 Revskär,SWE,Ia,2,20.9385337725435
32614,32614,2002199 Svenska Högarna,SWE,Ib,2,608.435370192485
32615,32615,2002542 Slätön-Medholma,SWE,Ia,1,14.4287305775857
32617,32617,2000849 Stor-Räbben,SWE,Ib,2,94.2745898686621
32621,32621,2000443 Salvorev-Kopparstenarna,SWE,Ib,2,559.900797452686
32629,32629,2002028 Svenska Björn,SWE,Ib,2,39.7375820670982
35870,35870,Nansemond National Wildlife Refuge,USA,Ia,1,0.218220734170524
39501_A,39501,Port Hebert Migratory Bird Sanctuary,CAN,Ia,2,0.003320778319187
39501_B,39501,Port Hebert Migratory Bird Sanctuary,CAN,Ia,2,3.30909983201303
39645,39645,Pulau Berambang Nature Reserve,BRN,Ia,1,0.938019494138009
39816,39816,Ilhas Desertas,PRT,Ia,2,121.351661196018
39855,39855,Reserva Biológica Estadual De Guaratiba,BRA,Ia,1,5.8036820608077
40931,40931,Flat Jason,FLK,Ia,1,0.402796490927507
40934,40934,Sea Dog Island,FLK,Ia,1,0.053768003725577
40935,40935,The Twins,FLK,Ia,1,0.034195270633127
40938,40938,Beauchene Island,FLK,Ia,1,0.542821695248069
41004,41004,Abogado Agustín Córdoba Rodríguez (Isla Santanilla o del Cisne),HND,Ib,2,481.232614446172
62114,62114,Bliksvær,NOR,Ia,1,36.5678198175442
62116,62116,Moffen,SJM,Ia,1,3.75453110550195
62463,62463,Penghu Columnar Basalt,TWN,Ia,1,0.330818473919854
62907,62907,Jason West Cay,FLK,Ia,2,0.180002691052002
62908,62908,Jason East Cay,FLK,Ia,1,0.129202772312708
62909,62909,The Fridays,FLK,Ia,1,0.143177488655825
62910,62910,White Rock S3D7,FLK,Ia,1,0.018870634631439
62912,62912,North Fur,FLK,Ia,1,0.213982021099348
62915,62915,Clump S23D2,FLK,Ia,1,0.02263204911223
62916,62916,Pyramid Rock,FLK,Ia,2,0.012078536696977
62917,62917,Tussac S23D10,FLK,Ia,1,0.030237600648025
62919,62919,Big Arch,FLK,Ia,1,0.329952440547383
62920,62920,Albermarle Rock,FLK,Ia,1,0.063885076553931
62921,62921,South Fur,FLK,Ia,1,0.067227458887368
63174_A,63174,Ningaloo,AUS,Ia,2,870.02661293584
63220,63220,Austin Bay,AUS,Ia,1,8.03078316610322
63268,63268,Lacepede Islands,AUS,Ia,1,0.302116854433908
63529,63529,Doubtful Islands,AUS,Ia,1,0.124992762655148
63708,63708,Beagle Islands,AUS,Ia,2,0.309067393456543
63710,63710,Carnac Island,AUS,Ia,1,0.066038983367496
63798,63798,Cervantes Islands,AUS,Ia,1,0.118163552748414
63802,63802,Essex Rocks,AUS,Ia,2,0.116831285701091
63883,63883,Chatham Island,AUS,Ia,1,0.183202879671302
63886,63886,Glasse Island,AUS,Ia,1,0.00783560972324
63905,63905,Boodalan,AUS,Ia,2,0.013417706230909
63906,63906,Milyu,AUS,Ia,1,0.010457364640895
63907,63907,Bedout Island,AUS,Ia,1,0.052163687475142
63908,63908,Great Sandy Island,AUS,Ia,1,30.8913013518089
64019,64019,Penguin Islet,AUS,Ia,1,0.036951560512973
64043_A,64043,Rowley Shoals,AUS,Ia,2,211.601861941463
64104,64104,Winninowie,AUS,Ia,1,39.37845478149
64413,64413,Taklong Island National Marine Reserve,PHL,Ib,1,10.1245226564007
64491,64491,Målselvutløpet,NOR,Ia,1,9.09037773968678
65208_B,65208,George C. Reifel Migratory Bird Sanctuary,CAN,Ia,1,1.02777625224126
65755_B,65755,Sable River Migratory Bird Sanctuary,CAN,Ia,2,2.42799658593558
66634,66634,Pointe-Platon Ecological Reserve,CAN,Ia,1,0.303878354962799
67095_B,67095,Île aux Canes Migratory Bird Sanctuary,CAN,Ia,2,1.42695175164487
67152_B,67152,Shepherd Island Migratory Bird Sanctuary,CAN,Ia,2,0.144925781936874
67152_A,67152,Shepherd Island Migratory Bird Sanctuary,CAN,Ia,1,0.003523678979793
67348,67348,Rocher Percé Cliff Inhabited By A Colony Of Birds,CAN,Ia,1,0.035587547347231
68835,68835,Tonga Island,NZL,Ia,2,17.8118310485017
70931,70931,Comerong Island,AUS,Ia,1,1.54248754185777
71003,71003,Piopiotahi,NZL,Ia,2,7.08864444603346
71004,71004,Te Awaatu Channel,NZL,Ia,2,0.841241294553174
71005,71005,Westhaven (Te Tai Tapu),NZL,Ia,1,2.67511458378089
81023,81023,K.Thanburudhoo Sarahahdhu Zone 1: Thanburudhoo Rah,MDV,Ib,2,3.12126190065867
88883,88883,Desecheo National Wildlife Refuge,PRI,Ia,1,0.196845854983436
97513,97513,Manglares Cayapas Mataje,ECU,Ib,1,182.096642068645
99840_B,99840,KHUTZEYMATEEN PARK [A.K.A. KHUTZEYMATEEN/K'TZIM-A-DEEN GRIZZLY SANCTUARY],CAN,Ib,1,3.64145953648067
101396,101396,Sagay Marine Reserve,PHL,Ib,2,320.518850666433
101409,101409,Alto Golfo de California y Delta del Río Colorado,MEX,Ia,1,5273.73814272602
101417_A,101417,HUDSON ROCKS ECOLOGICAL RESERVE,CAN,Ia,1,0.008229220132065
101417_B,101417,HUDSON ROCKS ECOLOGICAL RESERVE,CAN,Ia,2,0.476879860942427
101486,101486,Pulau Anak Krakatau,IDN,Ib,1,93.0545683214113
101598_B,101598,MUQQIWN/BROOKS PENINSULA PARK,CAN,Ib,1,33.1242395368954
101670_B,101670,TAHSISH-KWOIS PARK,CAN,Ib,1,0.066847178117188
101721_B,101721,HUCHSDUWACHSDU NUYEM JEES/KITLOPE HERITAGE CONSERVANCY,CAN,Ib,1,4.33586101621164
101768,101768,Wazihwei,TWN,Ia,1,0.021971715957569
101909,101909,Gulf Islands Wildlife Sanctuary,SAU,Ia,2,50.0479922218164
102300,102300,Cabo Blanco,CRI,Ia,1,16.6838601247352
103338,103338,2002573 Sladan,SWE,Ia,1,4.2452834701418
106876,106876,2001110 Tyresta,SWE,Ib,1,2.99826843585078
106878,106878,2002409 Hållnäskusten,SWE,Ia,1,10.0088472904535
107537,107537,"Zona marina Bahía de los Ángeles, canales de Ballenas y de Salsipuedes",MEX,Ia,2,3866.72744484886
107706,107706,Islas Marietas,MEX,Ia,2,12.9724937685962
108125,108125,Zona marina del Archipiélago de Espíritu Santo,MEX,Ia,2,487.388498439446
116085,116085,Estação Ecológica De Tamoios,BRA,Ia,2,83.9585435304781
125839,125839,Dunøyane,SJM,Ia,1,10.4860533796359
125846,125846,Guissezholmen,SJM,Ia,2,0.404626666268683
125848,125848,Gåsøyane,SJM,Ia,1,1.93821920595186
125850,125850,Isøyane,SJM,Ia,1,1.81458983733784
125853,125853,Kongsfjorden,SJM,Ia,2,6.6634609268634
125858,125858,Lyngholman,NOR,Ia,1,0.143218316758815
125859,125859,Mellandsvågen,NOR,Ia,1,0.305679922434121
125861,125861,Moseøya,SJM,Ia,1,0.874389240866046
125864,125864,Olsholmen,SJM,Ia,2,0.429204854189768
125867,125867,Plankeholmane,SJM,Ia,2,1.62156002518078
125868,125868,Risøya,NOR,Ia,1,11.2166912702792
125872,125872,Selvikvågen,NOR,Ia,1,0.119564961029596
125873,125873,Skorpa,SJM,Ia,2,1.05514746060528
125881,125881,Synesvågen,NOR,Ia,1,0.447866416429978
125885,125885,Sørkapp,SJM,Ia,1,26.8871997194334
126200,126200,Creery Island,AUS,Ia,1,0.303112210276449
126288,126288,Fisherman Islands,AUS,Ia,2,0.185628082689947
126293,126293,Flinders Bay,AUS,Ia,1,0.011199691424342
126365,126365,Hamelin Pool,AUS,Ia,2,1145.23452911735
126552,126552,Low Rocks,AUS,Ia,1,0.030444707060665
126769,126769,Outer Rocks,AUS,Ia,2,0.075487347931226
126842,126842,Quagering,AUS,Ia,1,0.032715685092098
126890,126890,Rocky Island,AUS,Ia,2,0.013548225331285
126895,126895,Ronsard Rocks,AUS,Ia,2,0.022272546699158
126916,126916,Sandland Island,AUS,Ia,1,0.10125235902383
126934,126934,Seal Island (WA25645),AUS,Ia,1,0.020739388276195
126957,126957,Shoalwater Bay Islands,AUS,Ia,1,0.121949863871924
127016,127016,Sugar Loaf Rock,AUS,Ia,1,0.004116959379826
127065,127065,Thevenard Island,AUS,Ia,1,15.6651492878201
127137,127137,North Sandy Island,AUS,Ia,1,0.254775460620144
127161,127161,Investigator Island,AUS,Ia,2,0.413035826919002
127211,127211,"Boullanger, Whitlock, Favourite, Tern And Osprey Islands",AUS,Ia,1,0.569792960645732
127213,127213,"Buller, Whittell And Green Islands",AUS,Ia,1,0.274223967458421
127584,127584,Victor Island,AUS,Ia,1,0.023394914971367
127661,127661,Wedge Island,AUS,Ia,1,0.035277370086759
127679,127679,Whalebone Island,AUS,Ia,1,0.004875235887193
145500,145500,Ngaremeduu Bay Conservation Area,PLW,Ia,2,109.070245322322
150220,150220,Krunnien luonnonsuojelualue,FIN,Ia,1,38.5371176278626
151395,151395,2000885 Angödrommen,SWE,Ia,1,0.009458479135804
151396,151396,2002528 Ängskär,SWE,Ia,1,2.19766964986434
151433,151433,2000990 Bådan,SWE,Ib,2,18.0005818970919
151442,151442,2000678 Balesudden,SWE,Ia,1,3.15836736796548
151453,151453,2000865 Båtöfjärden,SWE,Ia,2,8.93848891071801
151465,151465,2000864 Bergöfjärden,SWE,Ia,2,7.32329003708523
151491,151491,2000999 Björn,SWE,Ia,2,3.06722406844865
151502,151502,2001631 Bjuröklubb,SWE,Ia,1,3.49318487277519
151521,151521,2001923 Bokö-Oxnö,SWE,Ia,1,2.70030984929493
151529,151529,2002665 Borga hage,SWE,Ia,1,0.493757592767418
151609,151609,2000168 Bullerskär,SWE,Ia,1,0.020258966186762
151643,151643,2001008 Döman,SWE,Ia,1,0.556013154725827
151684,151684,2001070 Eriksören-Svartholmen,SWE,Ia,1,0.010138341941737
151752,151752,2000867 Furuholmen,SWE,Ia,2,0.318361384011222
151764,151764,2000889 Gälnan,SWE,Ia,1,0.01563010395807
151782,151782,2000702 Gåsholma,SWE,Ia,1,3.06239950835095
151820,151820,2000698 Gran,SWE,Ia,1,4.06009819637982
151823,151823,2000995 Granholmen,SWE,Ia,1,0.764104706896623
151848,151848,2001146 Grönskär,SWE,Ia,1,0.005471090538354
151868,151868,2000005 Gymmerholmen,SWE,Ia,1,0.268564556068825
151903,151903,2000954 Halsfambaken,SWE,Ia,1,0.015023561932709
151904,151904,2000141 Hälsingholmarna,SWE,Ia,2,5.04778782897034
151906,151906,2001003 Halsören,SWE,Ia,1,0.247895366411012
151909,151909,2000623 Hammarberget,SWE,Ia,1,0.18418505491434
151920,151920,2000866 Harufjärden,SWE,Ib,2,26.2494608479375
151926,151926,2001147 Hästholmen,SWE,Ia,1,0.020628178235768
151952,151952,2001647 Hertsånger,SWE,Ia,1,2.08108000341812
151967,151967,2002526 Högbådan,SWE,Ia,1,0.054103049684411
151969,151969,2000680 Högbonden,SWE,Ia,1,2.56965651435172
151984,151984,2000710 Hölick,SWE,Ia,1,2.8556799893668
151994,151994,2000994 Holsterörarna,SWE,Ia,1,1.16333628438399
152023,152023,2001106 Huvudholmen,SWE,Ia,1,0.017070983123971
152025,152025,2002297 Huvudskär,SWE,Ia,2,19.781722886904
152072,152072,2002202 Jungfruskär,SWE,Ia,1,4.68830732269184
152081,152081,2000997 Kalix yttre skärgård,SWE,Ib,2,91.8610399434091
152090,152090,2000160 Kålsö,SWE,Ia,1,0.297439394317075
152133,152133,2001096 Klubben,SWE,Ia,1,0.467942901804726
152136,152136,2000871 Kluntarna,SWE,Ia,1,5.26514533398196
152145,152145,2000617 Västra Rossö,SWE,Ia,1,1.24936452030259
152170,152170,2001104 Kudoxa,SWE,Ia,1,0.030572400194163
152217,152217,2001140 Långgrundet,SWE,Ia,1,0.018248585850252
152220,152220,2000870 Långöhällorna,SWE,Ia,2,0.977100398886579
152244,152244,2000833 Lettholmen,SWE,Ia,1,0.010632247019798
152254,152254,2001072 Likskäret,SWE,Ia,1,0.679447829009121
152260,152260,2000884 Stora och Lilla Sandböte,SWE,Ia,1,0.024725196551111
152351,152351,2001000 Malören,SWE,Ia,1,1.18267554847379
152361,152361,2000847 Marum,SWE,Ia,1,0.08454644858107
152365,152365,2000998 Massan,SWE,Ia,1,0.417068492086031
152428,152428,2000873 Norr-Äspen,SWE,Ia,1,3.47859445401399
152442,152442,2002294 Norrholmen,SWE,Ia,1,0.031037555346391
152444,152444,2001141 Norrpada,SWE,Ia,1,0.074072808006289
152446,152446,2000292 Notholmen,SWE,Ia,1,0.255899663629962
152484,152484,2000992 Orrskärsrevet,SWE,Ia,1,0.298621238506387
152554,152554,2001662 Rataskär,SWE,Ia,1,0.401924416309822
152565,152565,2000618 Reveludden,SWE,Ia,1,0.02225748899292
152595,152595,2000165 Rörvik,SWE,Ia,1,0.13773303170081
152623,152623,2002301 Salskären,SWE,Ia,2,0.706392520829226
152630,152630,2001931 Sanda holme,SWE,Ia,1,0.865112526623353
152631,152631,2000007 Sandemar,SWE,Ia,1,1.40860571073248
152634,152634,2000624 Sandholmarna,SWE,Ia,1,0.467662490845517
152649,152649,2002249 Segersgärde,SWE,Ia,1,0.893744957977259
152667,152667,2000879 Lidö,SWE,Ia,1,8.69677101512226
152669,152669,2000993 Skags-Furuholmen,SWE,Ia,1,0.474790618056438
152704,152704,2001148 Skogsskär-Vindalsö,SWE,Ia,1,0.012329499414909
152707,152707,2000626 Skötkobbarna,SWE,Ia,1,0.025178382474637
152715,152715,2001087 Skummeslövs sanddynsreservat Södra,SWE,Ia,1,0.540519919734815
152723,152723,2000872 Småskärens klippor,SWE,Ib,2,10.0921758485463
152743,152743,2000625 Södra Stavsudda,SWE,Ia,1,0.009336020909518
152765,152765,2002200 Stångskär,SWE,Ia,1,0.207335246294912
152770,152770,2002305 Stavsudda-Tjägö,SWE,Ia,1,0.015747182694472
152786,152786,2000630 Stensholmen,SWE,Ia,1,0.260355156186712
152789,152789,2001001 Bondöfjärden,SWE,Ib,2,86.8343770196315
152813,152813,2000167 Stora Vindåsen,SWE,Ia,1,0.037785840759546
152821,152821,2000886 Stor-Kunnan,SWE,Ia,1,0.061148270848034
152824,152824,2002307 Storö,SWE,Ia,1,0.330495871642256
152833,152833,2001309 Strandstuviken,SWE,Ia,1,6.29790354275706
152872,152872,2001151 Svartkobben,SWE,Ia,2,0.009506853967134
152936,152936,2000856 Torne-Furö,SWE,Ia,1,1.26848686960822
152946,152946,2002295 Tranvik,SWE,Ia,1,1.08836369693467
152959,152959,2000996 Trutskär,SWE,Ia,1,0.41927054645726
152977,152977,2001462 Uggelö,SWE,Ia,1,3.20554016324937
152990,152990,2000072 Utklippan,SWE,Ia,2,51.5790946072017
152994,152994,2001605 Utstenarna,SWE,Ia,1,0.052978035967487
153027,153027,2002197 Vånsholmen,SWE,Ia,1,0.022423975591851
153034,153034,2001006 Vargödraget,SWE,Ia,2,3.36542698943329
153080,153080,2001109 Vindalsö,SWE,Ia,1,0.006734238343871
153097,153097,2000869 Vitfågelskäret,SWE,Ia,1,0.132501554437729
153098,153098,2001166 Vitgrund-Norrskär,SWE,Ia,1,2.80193835561075
153099,153099,2001167 Vitörarna,SWE,Ia,1,1.22996417840485
155236,155236,Fjørtoftneset,NOR,Ia,1,1.11985412584636
155246,155246,Gimsøymyrene,NOR,Ia,1,1.05957528739626
155492,155492,Nakholmen,NOR,Ia,1,0.012194326035548
155538,155538,Ranvikholmen,NOR,Ia,1,0.021860731957113
155597,155597,Haga,NOR,Ia,1,0.005419596785756
155629,155629,Langnes,NOR,Ia,1,0.007812123971121
155647,155647,Moldfall,NOR,Ia,2,0.014361863179602
155663,155663,Refsnes,NOR,Ia,1,0.039226162679166
155763,155763,Helgebostadøya,NOR,Ia,1,0.012155358850696
155786,155786,Lindøya,NOR,Ia,1,0.010492095258655
155946,155946,Elnestangen,NOR,Ia,1,0.000542694165556
155948,155948,Gåserumpa,NOR,Ia,1,0.009475368100767
155949,155949,Geitungsholmen,NOR,Ia,1,0.017499097729314
155954,155954,Kalvøya,NOR,Ia,1,0.011027225208082
155955,155955,Killingholmen,NOR,Ia,1,0.002221744357715
155972,155972,Spannslokket,NOR,Ia,1,0.001198475889401
155973,155973,Spirodden,NOR,Ia,1,0.006611525827898
155989,155989,Rivingen,NOR,Ia,1,0.054638895336221
156004,156004,Gaulosen,NOR,Ia,1,1.84657179735856
156047,156047,Mølen,NOR,Ia,1,0.029578971265922
156057,156057,Store Follesøya,NOR,Ia,1,0.610151990528655
156058,156058,Tofteholmen,NOR,Ia,1,0.020465243019599
156060,156060,Ønaholmane,NOR,Ia,1,0.197572930505354
156062,156062,Øvre og Nedre Svinholmen,NOR,Ia,1,0.01799902785425
156063,156063,Naturreservat sør for Furuholmen,NOR,Ia,2,0.011245286735149
156064,156064,Aatholmane (m.fl.),NOR,Ia,1,0.039762348034268
156065,156065,Ådnøy,NOR,Ia,1,0.014077329566694
156066,156066,Agneskjæret,NOR,Ia,1,0.063534206891133
156068,156068,Aksnesholmane,NOR,Ia,1,0.050658870390387
156069,156069,Alv,NOR,Ia,1,0.014522555247123
156070,156070,Andotten,NOR,Ia,1,0.18267651480468
156071,156071,Aralden,NOR,Ia,1,0.126293104887877
156072,156072,Bjørnen,NOR,Ia,1,0.038571033458093
156073,156073,Bleikenøvlingen og Høgskjeret,NOR,Ia,1,0.04289503891017
156074,156074,Bleikjo,NOR,Ia,2,0.018379830504608
156075,156075,Brattholmen,NOR,Ia,2,0.019651343098501
156076,156076,Brattholmene,NOR,Ia,1,0.046782731542737
156077,156077,Breivigskjæret,NOR,Ia,2,0.01272175257153
156078,156078,Brennevinsskjeret,NOR,Ia,2,0.012896736197388
156079,156079,Buøyskjæra,NOR,Ia,1,0.029827653227054
156080,156080,Bukkholmskjæra,NOR,Ia,2,0.022392441731645
156081,156081,Bunesholmane,NOR,Ia,1,0.262457367289274
156082,156082,Dyna,NOR,Ia,2,0.044802030575346
156083,156083,Dyrøysundskjeret,NOR,Ia,2,0.013004723280193
156084,156084,Eggholmen,NOR,Ia,1,0.074020620526952
156085,156085,Eggholmen,NOR,Ia,2,0.02179431207909
156086,156086,Eggvær,NOR,Ia,1,0.062455636067508
156087,156087,Eidvågen,NOR,Ia,1,0.097611647864396
156088,156088,Eikefjordholmane,NOR,Ia,1,0.078626670041111
156089,156089,Eime,NOR,Ia,1,0.112114587040543
156090,156090,Einevarden,NOR,Ia,1,1.21177431377224
156091,156091,Ekkerøya,NOR,Ia,1,0.834258579593277
156092,156092,Eldøya,NOR,Ia,1,0.143446273648334
156093,156093,Ertenøya,NOR,Ia,1,0.13192722290216
156094,156094,Ertsvikskjær,NOR,Ia,1,0.030286144382202
156095,156095,Ferkingstadøyene,NOR,Ia,2,6.82744874297068
156096,156096,Fimreiteholmane,NOR,Ia,1,0.061290271006357
156097,156097,Fjæraskjer,NOR,Ia,2,0.010584981428395
156099,156099,Flatøy,NOR,Ia,1,0.141425890763187
156100,156100,Flatholmen,NOR,Ia,1,0.067906014791688
156102,156102,"Fluøyane med Fluøyskjeret, Lyngøy, Veesøyane og Terneskjeret",NOR,Ia,1,0.287170464598946
156103,156103,Frøyskjera,NOR,Ia,2,11.7162076877321
156104,156104,Fugløyrogn,NOR,Ia,1,0.02161879371733
156105,156105,Furuholmen,NOR,Ia,1,0.014983508209179
156107,156107,Gåseholmen og Slettholmen,NOR,Ia,1,0.057500905281148
156108,156108,Gåsholmen og Årvikholmen,NOR,Ia,1,0.509990021624507
156109,156109,Gåsvær,NOR,Ia,2,14.6291072057156
156110,156110,Geitholmsundet,NOR,Ia,1,0.019631749454449
156111,156111,Gitterøy,NOR,Ia,1,0.176724322228887
156113,156113,Gjesværstappan,NOR,Ia,1,5.59747707707582
156114,156114,Grøningane,NOR,Ia,1,0.041992071663726
156115,156115,Grøningane,NOR,Ia,1,0.194433972182544
156116,156116,Grasholmen og Knibringen,NOR,Ia,1,0.113979098130882
156117,156117,Greipingen,NOR,Ia,1,0.046109591816353
156118,156118,Guleholmane,NOR,Ia,1,0.047267100823438
156119,156119,Guleskjeret,NOR,Ia,2,0.020037744647504
156120,156120,Gulholmen,NOR,Ia,1,0.156305012979792
156121,156121,Høgfjellet,NOR,Ia,1,0.138332276024958
156122,156122,Hanøyklubben,NOR,Ia,1,0.034834522008481
156123,156123,Håsteinen,NOR,Ia,2,3.93304429201569
156125,156125,Haukedalsholmane,NOR,Ia,1,0.099442541025936
156126,156126,Håvarden og Klubben,NOR,Ia,1,0.067763325779535
156127,156127,Heglane,NOR,Ia,1,1.03047578538922
156129,156129,Helløyholmen,NOR,Ia,2,0.021451757281244
156131,156131,Hellesunds-Grønningen,NOR,Ia,1,0.119738827429054
156132,156132,Hellisøy,NOR,Ia,1,0.054000359765784
156133,156133,Herøy,NOR,Ia,1,0.049090725046179
156134,156134,Herøya,NOR,Ia,1,0.062201579603402
156135,156135,Hillekalven og Pasholmen,NOR,Ia,1,0.114638363582395
156136,156136,Hjartholmen,NOR,Ia,1,0.018102965880435
156137,156137,Hjelmsøya,NOR,Ia,1,1.97380737103236
156139,156139,Holmelidholmen,NOR,Ia,1,0.003708142342378
156140,156140,Horgje,NOR,Ia,1,0.019694387367544
156141,156141,Hornøya og Reinøya,NOR,Ia,1,0.375257115637026
156142,156142,Hovda Grasholmen,NOR,Ia,1,0.01953876760343
156143,156143,Hovdefjell,NOR,Ia,1,0.888417151337602
156144,156144,"Hovsøy, Låtersøy, Melne, Melneklubben, Lyngsøy, Oksøy og Raudholmane",NOR,Ia,1,0.553207245663219
156145,156145,Hummerholmen,NOR,Ia,1,0.036707515157902
156146,156146,Hvalskjæret,NOR,Ia,1,0.013258756550103
156147,156147,Illholmane,NOR,Ia,1,0.226791978032225
156149,156149,Indre-Ånnøy,NOR,Ia,1,0.097001276923926
156150,156150,Indrevær,NOR,Ia,1,0.147619301155267
156151,156151,"Jakobsholmen, Lilleholmen og Rundholmen",NOR,Ia,1,0.016490697140629
156152,156152,Jarstein,NOR,Ia,1,0.137875710032036
156153,156153,Jegningen,NOR,Ia,1,0.042212814688478
156156,156156,Karsskjeret,NOR,Ia,2,0.010965884975001
156157,156157,Kattholmane,NOR,Ia,2,0.033222826750256
156158,156158,Kattholmen,NOR,Ia,2,0.019515864796327
156159,156159,Kavringen,NOR,Ia,2,0.015856528099254
156160,156160,Kjørholmane,NOR,Ia,2,9.27852569474997
156161,156161,Kjeøy,NOR,Ia,1,0.066665070914708
156162,156162,Kjeholmskjæra,NOR,Ia,2,0.029267520723006
156163,156163,Kjellingen,NOR,Ia,1,0.113328891079165
156164,156164,Kjorten,NOR,Ia,1,0.060766754500183
156165,156165,Klammersholmen,NOR,Ia,1,0.027683768282463
156167,156167,Klovholmene,NOR,Ia,1,0.038312050459536
156168,156168,Klovningen,NOR,Ia,1,0.445340242951275
156170,156170,Knerten,NOR,Ia,1,0.035438661313388
156171,156171,Koløy,NOR,Ia,1,0.061160379965837
156172,156172,"Kongsøya, Helløya og Skarholmen",NOR,Ia,1,2.14527226191275
156173,156173,Kongsholmen,NOR,Ia,1,0.033333217377611
156174,156174,Kortknappskjer og Horsøy,NOR,Ia,1,0.047842948294834
156175,156175,Kråka,NOR,Ia,1,0.013744841267301
156176,156176,Kråko,NOR,Ia,1,0.048691034359579
156177,156177,Krogshavn,NOR,Ia,1,0.015544294850685
156178,156178,Krokholmen,NOR,Ia,1,0.046689479402632
156179,156179,Kuøyna,NOR,Ia,1,0.211815044725132
156180,156180,"Kuøyni, Skagøyni, Teistholmen og Teistholmskjeret",NOR,Ia,1,0.101978533205301
156181,156181,Kubbholmen,NOR,Ia,2,0.011415187203303
156183,156183,Kvalsteinane,NOR,Ia,2,8.77495973082237
156184,156184,Kvannholmen,NOR,Ia,1,0.012530042303843
156185,156185,Kvernøyna,NOR,Ia,1,0.439834560936115
156186,156186,Kvernholmen og Rosmunnen,NOR,Ia,1,0.153165678233046
156187,156187,Kvitingane,NOR,Ia,1,1.53482107402349
156188,156188,Kvitskjærene,NOR,Ia,1,0.052174306176143
156189,156189,Kyrkjeskjeret,NOR,Ia,2,0.018161298787155
156190,156190,Lønøy,NOR,Ia,1,0.10642343426869
156191,156191,Låge Islendingen,NOR,Ia,1,0.027427803492653
156192,156192,Lagmannsholmen,NOR,Ia,1,0.009025587286968
156193,156193,Lagmannskjær,NOR,Ia,1,0.014903773771137
156194,156194,Laksholmen,NOR,Ia,1,0.017583550303149
156196,156196,"Langholmen, Larsholmen og Larsholmskjeret",NOR,Ia,1,0.08900361340608
156197,156197,Langskjær,NOR,Ia,1,0.042100254517243
156198,156198,Langskjærene,NOR,Ia,1,0.100623506973682
156199,156199,Lauvikholmen,NOR,Ia,1,0.012625598593423
156201,156201,Lihellene,NOR,Ia,1,0.282817149386468
156202,156202,Lille Bjerkøyskjær,NOR,Ia,2,0.018307098337252
156205,156205,Lille Halsholmen,NOR,Ia,1,0.018926096634087
156206,156206,Lille Kamøya,NOR,Ia,1,1.00828885868048
156208,156208,Lille Lestholmen,NOR,Ia,2,0.009560021450085
156209,156209,Lille Såstein,NOR,Ia,1,0.0304597908484
156210,156210,Lille-Danmark,NOR,Ia,1,0.018122045905063
156211,156211,"Lindøy, Tednholmen og Slåttholmen",NOR,Ia,1,0.01885212436405
156212,156212,Lindholmane,NOR,Ia,2,0.051877664369616
156213,156213,"Litle Frilsøy, Hovden, Svarteskjeret og Innesøyane",NOR,Ia,1,0.390649461166105
156214,156214,"Litle Gåsøy, Skarvøy og Store Lambholmen",NOR,Ia,1,0.132749666555154
156215,156215,Litle Marøy,NOR,Ia,1,0.050553034290642
156216,156216,Loddå,NOR,Ia,1,0.020803235098206
156217,156217,Loppa,NOR,Ia,1,3.93890571379161
156218,156218,Lurekalven,NOR,Ia,1,0.029853549748323
156219,156219,Lyngholmen,NOR,Ia,1,0.043202886302367
156220,156220,Lysholmen,NOR,Ia,1,0.078912249713581
156221,156221,Møkkalassene,NOR,Ia,2,0.018481053202175
156222,156222,Møkstra-Grøningana,NOR,Ia,1,0.031508200209172
156224,156224,Mågøyane,NOR,Ia,1,0.165732985423777
156225,156225,Måksteinen og Tovo,NOR,Ia,1,0.073402846550043
156226,156226,Måksteinane,NOR,Ia,1,0.139524945210328
156227,156227,Malmen,NOR,Ia,1,0.040472329017158
156228,156228,Mannskjæret,NOR,Ia,1,0.021140273964706
156229,156229,Markøy,NOR,Ia,1,0.117768083195317
156230,156230,Mellemskjær,NOR,Ia,2,0.016675901075568
156233,156233,Moldvær,NOR,Ia,2,2.91432358057618
156234,156234,Myrbærskjera,NOR,Ia,1,0.376928708563925
156235,156235,"Nautøy, Longholmen og Bukkholmen",NOR,Ia,1,0.233003611979404
156236,156236,Nekkøytåa,NOR,Ia,1,0.260169002538909
156239,156239,Nordøstre Askeskjær,NOR,Ia,1,0.013473619683921
156240,156240,Nordre Longaskjer,NOR,Ia,1,0.02506270662369
156241,156241,Norheimsøy og Lamholmen,NOR,Ia,1,0.295554578716174
156242,156242,Notholmen,NOR,Ia,2,0.032639068356493
156243,156243,Oddeholmane,NOR,Ia,1,0.333178523800692
156244,156244,Oksø,NOR,Ia,1,0.19051024800129
156245,156245,Olavskjæran,NOR,Ia,1,0.047786388223988
156246,156246,Olvondo,NOR,Ia,1,0.133569662905303
156247,156247,Omborsnesholmane,NOR,Ia,1,0.035169276578211
156248,156248,Omgangsstauran,NOR,Ia,1,3.66075320095234
156249,156249,Oppsalholmen,NOR,Ia,1,0.022410198218985
156250,156250,Otterøy og Hestholmen,NOR,Ia,1,0.098249316396517
156251,156251,Perholmen,NOR,Ia,2,0.015055487120492
156252,156252,Lauvholmen,NOR,Ia,1,0.111924506710608
156253,156253,Prestnesholmen,NOR,Ia,2,0.013170300717949
156254,156254,Prinseskjær,NOR,Ia,2,0.020710091400375
156255,156255,Rødholman,NOR,Ia,1,0.026770415068548
156257,156257,Rørvikholmene,NOR,Ia,1,0.032970718454686
156258,156258,Ramsbarden,NOR,Ia,1,0.070470875593587
156259,156259,Ramsholmen,NOR,Ia,1,0.199174530357238
156260,156260,Raudøy,NOR,Ia,1,1.93943223799405
156262,156262,Raudholmane,NOR,Ia,1,0.027357441255786
156263,156263,Raudholmane,NOR,Ia,1,0.043278071965887
156264,156264,"Raunøy, Langøy, Skardholmen, Storholmen og Høgholmen",NOR,Ia,1,0.140784879403335
156265,156265,Rauna,NOR,Ia,1,0.06718916125802
156266,156266,Reilstad - Grasholmen,NOR,Ia,1,0.02323062105817
156267,156267,Reinøykalven,NOR,Ia,1,0.91943008239971
156268,156268,Revsund,NOR,Ia,1,0.086459561556275
156269,156269,Ringaskjer,NOR,Ia,2,0.018185824840594
156270,156270,Risøya,NOR,Ia,1,0.183788193589715
156272,156272,Rognane,NOR,Ia,1,0.112669812214521
156273,156273,Rognholmen,NOR,Ia,2,0.015283051104553
156275,156275,Ruholmen,NOR,Ia,2,0.078861150995803
156276,156276,Ryggsteinen,NOR,Ia,1,0.845359149056117
156277,156277,Ryvingen og Klovningen,NOR,Ia,1,0.332067480947884
156278,156278,Søndre Eggvær,NOR,Ia,1,0.053957587648715
156279,156279,Søndre Missingen,NOR,Ia,1,0.224522540586389
156281,156281,Søndre Sletter,NOR,Ia,1,0.088601543586967
156282,156282,Sørensholmen,NOR,Ia,2,0.004304159514533
156283,156283,Sandholmane,NOR,Ia,1,0.119667972733849
156284,156284,"Sandholmane, Øysteinen og Hesjetå",NOR,Ia,1,0.227988973840161
156286,156286,Seilskjærene,NOR,Ia,2,0.018018132027491
156288,156288,Seløyskjera,NOR,Ia,2,0.020327115621159
156289,156289,Selskjæra,NOR,Ia,1,0.012565855478842
156291,156291,Sengane,NOR,Ia,1,0.085261059563658
156292,156292,Senholmen,NOR,Ia,2,0.275206184161694
156293,156293,Senjen,NOR,Ia,1,0.039611723655502
156294,156294,Sildekruna,NOR,Ia,1,0.170618549600093
156296,156296,Skåno,NOR,Ia,1,0.022503800076063
156297,156297,Skardholmen,NOR,Ia,1,0.145149233142859
156298,156298,Skåreholmen,NOR,Ia,1,0.033453641260077
156299,156299,Skittenskarvholman,NOR,Ia,1,0.050265425724533
156300,156300,Skjøringen,NOR,Ia,1,0.029022085390099
156301,156301,Skjede,NOR,Ia,1,0.008535699932211
156302,156302,Skogerøy-Lyngholmen,NOR,Ia,1,0.062093472310069
156303,156303,Skorpeholmane,NOR,Ia,1,0.056862444807619
156304,156304,Skotholmen,NOR,Ia,1,0.009649104756697
156305,156305,Skydskjær,NOR,Ia,2,0.013355598708453
156306,156306,Slettingen,NOR,Ia,1,0.139863991452093
156307,156307,Småskjæran,NOR,Ia,1,0.019863423607773
156308,156308,Smelvær,NOR,Ia,1,4.71030484492651
156309,156309,Sogneoksen,NOR,Ia,1,0.110086884719978
156310,156310,"Songvaar, Hellersøya og Kubbøya",NOR,Ia,1,0.27031366807098
156312,156312,Spannholmane,NOR,Ia,1,0.175314462669274
156313,156313,Stakketoskjæret,NOR,Ia,2,0.014284205966099
156314,156314,Stallbrekka,NOR,Ia,1,0.172497068029364
156315,156315,Stangholmen,NOR,Ia,1,0.038390534931878
156317,156317,Steglholmen og Gåseskjer,NOR,Ia,1,0.04095161709767
156318,156318,Skjæløysundet,NOR,Ia,1,0.368376931475022
156319,156319,Store Lyngholmen,NOR,Ia,1,0.117784843150761
156320,156320,Store Måkholmen,NOR,Ia,1,0.018714727480636
156321,156321,Store og Litle Fokksteinen,NOR,Ia,1,0.017364017374562
156324,156324,Store Vengelsholmen,NOR,Ia,1,0.10777455482059
156325,156325,Storgalten,NOR,Ia,1,0.747943701593853
156326,156326,Storholmen,NOR,Ia,1,0.08989773886498
156327,156327,Storskjær,NOR,Ia,1,0.026888853858812
156328,156328,Storskjæret,NOR,Ia,2,0.011341660558294
156330,156330,Stridsholmen,NOR,Ia,1,0.031549313585669
156332,156332,Sundbyholmene,NOR,Ia,1,0.048089867882722
156333,156333,Sundholmen,NOR,Ia,1,0.006024572191494
156334,156334,Sværholtklubben,NOR,Ia,1,1.54993890348928
156335,156335,Svåholmane,NOR,Ia,1,0.116532853371331
156336,156336,Svarteskjeret,NOR,Ia,2,0.070530105297199
156337,156337,Svartskjæra,NOR,Ia,2,0.039082321233075
156338,156338,Synnøy,NOR,Ia,1,0.062844061366195
156339,156339,Tåde,NOR,Ia,2,0.036332630911538
156340,156340,Tangbleikjo,NOR,Ia,1,0.020513869883984
156341,156341,Tedneholmen,NOR,Ia,1,0.021587533185044
156342,156342,Tednholmen,NOR,Ia,2,0.014494413378808
156344,156344,Teistholmen,NOR,Ia,1,0.033065519984297
156345,156345,Tennøyane,NOR,Ia,1,0.153375474672462
156346,156346,Terneholmen,NOR,Ia,1,0.026599572822463
156347,156347,Terneholmen,NOR,Ia,1,0.021770932156825
156348,156348,Terneholmen og Grønningen,NOR,Ia,1,0.118390788968869
156349,156349,Terneskjær,NOR,Ia,2,0.014250822845312
156350,156350,Terneskjeret,NOR,Ia,2,0.013099833774663
156351,156351,Terneskjeret (Austevoll),NOR,Ia,1,0.034664114146848
156352,156352,Timberøyholmane,NOR,Ia,2,0.092052743028638
156353,156353,Tingelsæte,NOR,Ia,1,0.066621825114213
156355,156355,Torsholmane,NOR,Ia,1,0.335525660086165
156356,156356,Torskholmen,NOR,Ia,1,0.01865578285923
156358,156358,Trøytarosskjeret,NOR,Ia,2,0.00816000848468
156359,156359,Trættebleikja,NOR,Ia,2,0.027687808819205
156360,156360,Trefotskjera,NOR,Ia,2,0.331029719970446
156361,156361,Trollskjeret,NOR,Ia,2,0.01213997699312
156363,156363,Udvåre,NOR,Ia,1,0.156974457105691
156364,156364,Ullebroten,NOR,Ia,1,0.030201959810872
156365,156365,Ulvungene,NOR,Ia,2,0.01443075879154
156366,156366,Ulykkesskjær,NOR,Ia,1,0.014105059704435
156367,156367,Urter,NOR,Ia,1,1.95628598808262
156368,156368,"Utsletteøy, Joøy og Upsøykalven",NOR,Ia,1,0.127277558228876
156369,156369,Utvær,NOR,Ia,2,10.9495362369355
156370,156370,"Vågsholmen, Gulaskjer, Brattholmen og Grasholmen",NOR,Ia,2,0.09320481712604
156371,156371,Vågsskjeret,NOR,Ia,1,0.01185255280044
156372,156372,Valløy,NOR,Ia,1,0.218502277119097
156373,156373,Vengane,NOR,Ia,2,0.564373711420698
156374,156374,Vesle Sletter,NOR,Ia,1,0.069582319295905
156375,156375,Vestre Mjølsnesholmen,NOR,Ia,1,0.09662614648415
156376,156376,"Vestre og Indre Mågabøl, Myrbærholmen og Kvitingen",NOR,Ia,1,0.189613375353806
156377,156377,Vestre Skjæret,NOR,Ia,2,0.009782026898564
156378,156378,Veststeinen,NOR,Ia,1,0.268220194038457
156379,156379,Vollholmen,NOR,Ia,1,0.003949047719839
156380,156380,Ytre Vassholmen,NOR,Ia,1,0.016187566455146
156381,156381,Ytterøyane,NOR,Ia,2,16.1816129351823
156387,156387,Adamsfjord,NOR,Ia,1,0.385989716676048
156396,156396,Åsnes,NOR,Ia,1,0.168607977074751
156399,156399,Børselvosen,NOR,Ia,1,0.593503786138594
156401,156401,Bøyaøyra,NOR,Ia,1,0.092212884595809
156414,156414,Buvika/Rødskjær,NOR,Ia,2,1.66622998852633
156422,156422,Førdspollen,NOR,Ia,1,0.074106441191293
156433,156433,Fuglevikbukta,NOR,Ia,1,0.148427545145849
156436,156436,Gåsøy,NOR,Ia,1,0.912964283800191
156442,156442,Gløsvågen,NOR,Ia,1,0.020333966648756
156444,156444,Kråkerøy-skjærgården,NOR,Ia,1,2.39202667058342
156445,156445,Grønøyra,NOR,Ia,1,0.048941763676904
156446,156446,Grønningsbukta,NOR,Ia,1,0.40629646555395
156448,156448,Grannesbukta,NOR,Ia,1,0.036790781393055
156452,156452,Gressholmen-Rambergøya,NOR,Ia,1,0.18039622605348
156454,156454,Grindøysundet,NOR,Ia,1,5.56243343030981
156455,156455,Grunnane,NOR,Ia,2,2.67454199378929
156457,156457,Grunnvågvatn,NOR,Ia,1,0.070947454883057
156459,156459,Gullesfjordbotn,NOR,Ia,1,0.096789294635976
156462,156462,Hagavågen,NOR,Ia,1,0.259082673659168
156463,156463,Håkøybotn,NOR,Ia,1,0.039184012940449
156464,156464,Hammeren,NOR,Ia,1,0.287131324931737
156473,156473,Hemskilen,NOR,Ia,1,0.125006476710701
156475,156475,Herdla,NOR,Ia,1,0.728317919425793
156477,156477,Hjelmsøysandfjorden,NOR,Ia,1,0.302462461463028
156486,156486,Indre Viksfjord,NOR,Ia,1,0.655117973454588
156494,156494,Kinaroddsandfjorden,NOR,Ia,1,0.441015558220715
156498,156498,Kjerkevågen,NOR,Ia,1,0.22638814607463
156501,156501,Kjosbukta,NOR,Ia,1,0.081177301121307
156503,156503,Kobbevågen,NOR,Ia,1,4.90494537740546
156504,156504,Koksabukta,NOR,Ia,1,0.059747494086465
156506,156506,Komagværstranda,NOR,Ia,1,0.658410879936906
156508,156508,Kråkstadfjorden,NOR,Ia,1,0.643037942099167
156516,156516,Lakselvbukt,NOR,Ia,1,0.275901646063957
156524,156524,Linnesstranda,NOR,Ia,1,0.33919428182976
156544,156544,Nærøyane,NOR,Ia,1,1.77276382113913
156547,156547,Nedre Audna,NOR,Ia,1,0.398596333456598
156549,156549,Neiden- og Munkefjord,NOR,Ia,1,9.78680769679133
156551,156551,Nesseby,NOR,Ia,1,0.267877302188416
156554,156554,Nordkjosbotn,NOR,Ia,1,0.484202503275313
156556,156556,Nordsandfjorden,NOR,Ia,1,0.121982629717524
156560,156560,Osen,NOR,Ia,1,0.42647567772253
156566,156566,Rambergbukta,NOR,Ia,1,0.274947520170282
156571,156571,Reisautløpet,NOR,Ia,1,1.68184686366489
156574,156574,Rinnleiret,NOR,Ia,1,0.949214779289252
156579,156579,Sørkjosleira,NOR,Ia,1,3.05109079952542
156580,156580,Sørlenangsbotn,NOR,Ia,1,1.32075090648541
156584,156584,Sørværet,NOR,Ia,1,4.27910255330457
156586,156586,Sakrisøy,NOR,Ia,1,1.12945782379573
156587,156587,Saksfjorden,NOR,Ia,1,0.301234235380156
156590,156590,Sanden,NOR,Ia,1,0.130145870152917
156593,156593,Seinesodden,NOR,Ia,1,0.209668120009956
156599,156599,Skjebergkilen,NOR,Ia,1,0.05864279600139
156601,156601,Skognesvågen,NOR,Ia,1,1.03380593910048
156606,156606,Smågevatnet,NOR,Ia,1,0.251027663013974
156611,156611,Spåkenesøra,NOR,Ia,2,5.22768887100322
156614,156614,Storøykilen,NOR,Ia,1,0.051941888755672
156617,156617,Storevika,NOR,Ia,1,0.082038974192949
156619,156619,Strandnesvågen,NOR,Ia,1,0.097165152224077
156623,156623,Surna,NOR,Ia,1,0.403392695209614
156628,156628,Tanamunningen,NOR,Ia,1,23.5413911812792
156630,156630,Thorsøma,NOR,Ia,1,0.338611897947251
156639,156639,Tungevåg,NOR,Ia,1,0.521992171183176
156642,156642,Ulvikpollen,NOR,Ia,1,0.057976142671494
156644,156644,Varangerbotn,NOR,Ia,1,0.334602449911904
156646,156646,Vassøyane,NOR,Ia,1,4.23229514463748
156652,156652,Vestertana,NOR,Ia,1,0.137787808537984
156655,156655,Vetlefjordsøyra,NOR,Ia,1,0.071531708012402
156657,156657,Viernbukta,NOR,Ia,1,0.066738062963878
156660,156660,Vinnesleiro,NOR,Ia,1,0.128377151066996
156700,156700,Kvaløy og Rauøy,NOR,Ia,1,31.4524849007135
161915,161915,Kapp Linné,SJM,Ia,1,0.29293272231716
161916,161916,Boheman,SJM,Ia,2,2.05327718897215
161917,161917,Hermansenøya,SJM,Ia,2,4.16292432439276
161918,161918,Blomstrandhamna,SJM,Ia,1,1.12684701584064
167099,167099,Hazar,TKM,Ia,1,2235.76566173214
167356_B,167356,HOMATHKO ESTUARY PARK,CAN,Ib,1,1.35699028514893
169009,169009,Indrevær,NOR,Ia,2,21.5850031290974
170288,170288,"Matsalu RP, Hanemaa loodusreservaat",EST,Ia,2,1.45429573890712
170289,170289,"Matsalu RP, Papirahu loodusreservaat",EST,Ia,2,1.20291129641072
170290,170290,"Matsalu RP, Sipelgarahu loodusreservaat",EST,Ia,2,1.72061304707562
170386,170386,"Uhtju LKA, Uhtju skv.",EST,Ib,2,4.34721532376507
170604,170604,"Vilsandi RP, Innarahu loodusreservaat",EST,Ia,2,0.935562167789657
170605,170605,"Vilsandi RP, Laevarahu loodusreservaat",EST,Ia,2,1.53662670445025
170606,170606,"Vilsandi RP, Lõuna-Vaika loodusreservaat",EST,Ia,2,0.898960638927473
170608,170608,"Vilsandi RP, Nootamaa loodusreservaat",EST,Ia,2,1.42430192212777
170638,170638,"Lahemaa RP, Älvi skv.",EST,Ib,1,0.003957556573119
170649,170649,"Vilsandi RP, Aherahu skv.",EST,Ib,1,0.479733419259294
170650,170650,"Vilsandi RP, Alumise Vaika skv.",EST,Ib,1,0.387597665660662
170655,170655,"Vilsandi RP, Naistekivi skv.",EST,Ib,1,0.477701539774785
170657,170657,"Vilsandi RP, Pihlalaiu skv.",EST,Ib,2,0.367428920242317
170736,170736,"Hiiumaa laidude MKA, Laidelahe skv.",EST,Ib,2,13.7090889474469
170737,170737,"Hiiumaa laidude MKA, Langekare skv.",EST,Ib,1,0.08632115071663
170738,170738,"Hiiumaa laidude MKA, Soonlepa lahe saarte skv.",EST,Ib,2,0.716685283318018
170746,170746,"Kolga lahe MKA, Malusi skv.",EST,Ib,2,5.67353135262541
170748,170748,"Kolga lahe MKA, Rohusi skv.",EST,Ib,1,0.829845918886911
170785,170785,"Ontika MKA, Pangametsa skv.",EST,Ib,1,0.336715397334466
173023,173023,2000156 Eriksö,SWE,Ia,1,2.68138780550201
173055,173055,2002530 Skaten-Rångsen,SWE,Ib,1,18.0529144876843
173069,173069,2001940 Fågelskär,SWE,Ia,1,0.01190863927827
173145,173145,2001760 Missjö,SWE,Ib,1,16.4573361579017
173465,173465,2001476 Knähaken,SWE,Ib,2,13.6362177673325
173568,173568,2000368 Härön,SWE,Ia,1,3.37482103668702
174538,174538,2000483 Åstön,SWE,Ia,1,1.46884928530988
174586,174586,2001838 Ostnäs,SWE,Ia,1,6.16932144444562
175684,175684,VALSÖRARNA - BJÖRKÖGRUNDEN,FIN,Ib,2,83.198326620066
175803,175803,Raahen saariston luonnonsuojelualue,FIN,Ib,2,16.3580080023866
178738,178738,Riserva naturale integrale Isola di Lachea e Faraglioni dei Ciclopi,ITA,Ia,1,0.008303929530919
182874,182874,Lundsfjellet,NOR,Ia,1,0.23222801363907
182888,182888,Kaninøya,NOR,Ia,1,0.019200073380641
182894,182894,Malmøya og Malmøykalven,NOR,Ia,1,0.219238431139567
182913,182913,Østre Ertholmen,NOR,Ia,1,0.03050080887797
182914,182914,Nesheim,NOR,Ia,1,0.007516943787747
182915,182915,Børevika,NOR,Ia,1,0.010682877672543
182932,182932,Nord-Talgje,NOR,Ia,1,1.16877763626629
182938,182938,Hustadbukta,NOR,Ia,1,0.299545695113529
182985,182985,Horsvær,NOR,Ia,2,168.753717357299
182989,182989,Engasjyen,NOR,Ia,1,0.176741176270842
182991,182991,Åholmen,NOR,Ia,1,0.422698856122094
182992,182992,Vikosen,NOR,Ia,1,0.64246783622072
183006,183006,Vardøya,NOR,Ia,1,0.247672865847349
183008,183008,Kjølsøyværet/Valvær,NOR,Ia,2,30.4211197975738
183009,183009,Skålsvikleira/Ystleira,NOR,Ia,1,0.079462213049629
183010,183010,Tverlandet,NOR,Ia,1,0.278692496834303
183021,183021,Nyke - Tussen,NOR,Ia,1,1.21505787901004
183034,183034,Dyngeneset,NOR,Ia,1,0.702956269014597
183039,183039,Drevjaleira,NOR,Ia,1,0.719558346706704
183043,183043,Skansenøyra,NOR,Ia,1,0.158190019653954
183046,183046,Grunnfjorden,NOR,Ia,1,5.13406962512444
183052,183052,Holandsosen,NOR,Ia,1,0.341123991350884
183057,183057,Fjære,NOR,Ia,1,0.344354482066642
183058,183058,Støttværet,NOR,Ia,1,7.34543610788992
183059,183059,Fugløya,NOR,Ia,1,2.30603374110594
183060,183060,Nupen,NOR,Ia,1,0.497700743321494
183061,183061,Leirvika,NOR,Ia,1,0.164846219753903
183063,183063,Ljønesøya,NOR,Ia,1,2.36899924720096
183064,183064,Fuglbergøya/Nautøya,NOR,Ia,1,0.171413585851213
183067,183067,Brennvika,NOR,Ia,1,0.108001445331633
183068,183068,Brunvær,NOR,Ia,1,1.26578655410852
183069,183069,Steinslandsosen,NOR,Ia,1,0.824168708752539
183070,183070,Steinosen/Sjømyrpollen,NOR,Ia,1,0.161513386385321
183071,183071,Tiltvika,NOR,Ia,1,1.57275373102004
183073,183073,Skjelstad,NOR,Ia,1,0.047304961267573
183074,183074,Lånan/Skjærvær,NOR,Ia,2,104.141475264378
183077,183077,"Vallabotn, Breivika og Røssåauren",NOR,Ia,1,0.167058991151176
183078,183078,Engelvær,NOR,Ia,1,14.1187714232929
183081,183081,Flatværet/Varkgård,NOR,Ia,1,13.6336724619333
183083,183083,Otervær,NOR,Ia,1,0.4610278847898
183085,183085,Holmholmen,NOR,Ia,1,0.154777819052614
183087,183087,Indreholmen/Lyngværet,NOR,Ia,2,23.6317486077398
183088,183088,Risværet,NOR,Ia,1,2.83290837105574
183089,183089,Lovunda/Lundeura,NOR,Ia,1,0.324424426991781
183091,183091,Nykan,NOR,Ia,2,1.0549330745602
183094,183094,Eggum,NOR,Ia,1,0.493755042368701
183095,183095,Æsholman,NOR,Ia,1,1.14735007039249
183097,183097,Oddan,NOR,Ia,1,0.013880031018398
183098,183098,Lofotodden,NOR,Ia,1,0.495046452440294
183099,183099,Ramnholmen,NOR,Ia,1,0.0324987515495
183100,183100,Måstadfjellet,NOR,Ia,1,0.885562395180025
183101,183101,Laukvikøyene,NOR,Ia,1,5.1520138065609
183106,183106,Risøysundet,NOR,Ia,1,1.31729239347664
183108,183108,Hundholmen,NOR,Ia,1,0.349359813083908
183109,183109,Anda,NOR,Ia,1,0.332834801970027
183110,183110,Osen/Sandværet,NOR,Ia,1,4.4173431303211
183111,183111,Tjeldneset,NOR,Ia,1,0.342777413822302
183112,183112,Forfjorden,NOR,Ia,1,1.29463866682007
183113,183113,Sauøya,NOR,Ia,1,0.069039246462585
183114,183114,Floholman,NOR,Ia,1,0.714860175950229
183115,183115,Sørmela,NOR,Ia,1,0.634377893210114
183116,183116,Borgværet,NOR,Ia,1,8.85054318644269
183117,183117,Stø/Nyksund,NOR,Ia,1,4.29730014682979
183118,183118,Hovsflesa,NOR,Ia,2,0.664584587230627
183119,183119,Bleiksøya,NOR,Ia,1,0.246220709928932
183120,183120,Frugga,NOR,Ia,1,0.747354179347879
183121,183121,Nykvåg/Nykan,NOR,Ia,1,2.62708821048139
183122,183122,Hongværet/Galtholmen,NOR,Ia,1,0.6722789849201
183123,183123,Seløya,NOR,Ia,1,0.337163071318579
183124,183124,Ulvøyværet,NOR,Ia,2,8.74235754900864
183126,183126,Gåsøya/Geitholmen,NOR,Ia,2,6.11007218238826
183157,183157,Osen,NOR,Ia,1,0.158083268680599
183198,183198,Kjeøya,NOR,Ia,1,0.094848285272117
183200,183200,Fruflesa,NOR,Ia,1,0.604942364823538
183202,183202,Sklinna,NOR,Ia,1,4.54639970567376
183218,183218,Hopen,SJM,Ib,2,3136.92639841052
183219,183219,Bjørnøya,SJM,Ib,2,2801.95967514993
183221,183221,Nordøyan,NOR,Ia,1,0.704137063281358
183223,183223,Sørøyan,NOR,Ia,2,7.25996056750527
183226,183226,Hoøya,NOR,Ia,1,0.067184222163373
183227,183227,Rambergholmen,NOR,Ia,1,0.043734065517542
183228,183228,Aldgården,NOR,Ia,1,0.175437116030651
183229,183229,Steinan og Flottra,NOR,Ia,1,0.587055831765428
183231,183231,Øksningen,NOR,Ia,1,0.023431715827207
183253,183253,Rolsøya,NOR,Ia,1,0.044096263209469
183259,183259,Horta,NOR,Ia,1,6.58170530314263
183270,183270,Farstadbukta,NOR,Ia,1,0.067099895118108
183275,183275,Ristesundsanden,NOR,Ia,1,0.06409698033213
183277,183277,Tjørvågosen,NOR,Ia,1,0.016520156956764
183285,183285,Langøyvågen,NOR,Ia,1,0.233311573171517
183288,183288,Reitvågen,NOR,Ia,1,0.073188490114515
183289,183289,Søysetøran,NOR,Ia,1,0.176301669133275
183290,183290,Todalsøran,NOR,Ia,1,0.131711449397258
183291,183291,Øksendalsøra,NOR,Ia,1,0.063382634081911
183293,183293,Oltervågen,NOR,Ia,1,0.111578033330242
183295,183295,Hjertvika,NOR,Ia,1,0.455646558746954
183296,183296,Ræstadtangen,NOR,Ia,1,0.019495974405634
183297,183297,Tresfjorden,NOR,Ia,1,0.025171437653133
183298,183298,Solnørvika,NOR,Ia,1,0.01229774223468
183299,183299,Vesteinvika,NOR,Ia,1,0.069651155639664
183300,183300,Molnes,NOR,Ia,1,0.151779850425588
183301,183301,Høgsetleira,NOR,Ia,1,0.0773384443885
183320,183320,Hensøran,NOR,Ia,1,0.162423422754325
183371,183371,Melland,NOR,Ia,1,0.183544032801532
183377,183377,Oust,NOR,Ia,1,0.127495369039452
183402,183402,Batnfjordsøra,NOR,Ia,1,0.132350327162268
183403,183403,Nauste,NOR,Ia,1,0.321108521669237
192997,192997,2000836 Skogsö,SWE,Ia,1,0.346705784587959
193000,193000,2000841 Oxnäset,SWE,Ia,1,0.015788016851177
193001,193001,2000842 Rönnskärs udde,SWE,Ia,1,0.004672962709648
193002,193002,2000843 Öarna i Stora Värtan,SWE,Ia,1,0.982390183731964
193008,193008,2002818 Arsläjan,SWE,Ia,1,0.594534968792697
193066,193066,2002772 Strandtorp,SWE,Ia,1,0.202453145143972
193116,193116,2002848 Skallön,SWE,Ia,1,1.26670397273238
193119,193119,2001046 Vargön,SWE,Ib,1,8.94956868951734
193142,193142,2002796 Vänsö,SWE,Ia,1,0.451787330294211
193190,193190,2000863 Bockön,SWE,Ia,1,4.22086427817705
193192,193192,2002783 Germandön,SWE,Ia,1,0.462195840472304
193194,193194,2002785 Näverön,SWE,Ia,1,0.669869262471124
193199,193199,2002804 Degeröholmen,SWE,Ia,1,0.1481457232001
193435,193435,Leirpollen-Halsvatnet,NOR,Ia,1,0.013467524958933
193438,193438,Sandbukta,NOR,Ia,1,0.383356703960981
193439,193439,Måsvær,NOR,Ia,1,15.1618072756031
193444,193444,Karnes,NOR,Ia,1,0.668591696113653
193445,193445,Skibotnutløpet,NOR,Ia,1,0.883791450930345
193453,193453,Froholman,NOR,Ia,1,0.351047704473001
193459,193459,Auvær,NOR,Ia,2,25.1766850539312
193460,193460,Sørfugløya,NOR,Ia,2,6.84536266788627
193461,193461,Flatvær,NOR,Ia,1,12.72657094344
193462,193462,Breivika,NOR,Ia,1,1.53595316615758
193466,193466,Gapøyholman,NOR,Ia,1,0.321504838024177
193469,193469,Kvitvær,NOR,Ia,2,4.40905730337065
193472,193472,Bleia,NOR,Ia,1,4.68899915091503
194420,194420,Filfla,MLT,Ia,1,0.024414656903148
194425,194425,Il-Gżejjer Selmunett (Gżejjer ta' San Pawl),MLT,Ia,2,0.107565825984984
195452,195452,Torgrundin saaristo (yhteinen vesialue),FIN,Ib,2,69.1120700963432
198315,198315,Koh Kapi,KHM,Ia,1,36.6526281692642
220112,220112,R.Villingili Thila,MDV,Ia,2,2.63217137724787
300045,300045,Kingman Reef National Wildlife Refuge,UMI,Ia,2,1968.31469926869
300046,300046,Palmyra Atoll National Wildlife Refuge,UMI,Ia,2,2149.88812905628
300327,300327,Motu Manawa-Pollen Island,NZL,Ia,1,2.71252011282364
300328,300328,Long Bay-Okura,NZL,Ia,1,8.54302003113817
300329,300329,Te Angiangi,NZL,Ia,1,3.96460471884315
300330,300330,Pohatu,NZL,Ia,2,2.16110672585003
302156,302156,Laulau Bay Sea Cucumber Reserve,MNP,Ia,1,1.72113901535485
302157,302157,Forbidden Island Marine Sanctuary,MNP,Ia,2,2.30205061770123
302911,302911,El Retiro,CUB,Ia,1,3.14672156047058
303552,303552,Malpelo,COL,Ib,2,47287.1563882
303988,303988,Makaro,NZL,Ia,1,0.003669208688233
304020,304020,Bream Islands,NZL,Ia,1,0.008926517155341
304021,304021,Cape Kidnappers,NZL,Ia,1,0.018388104935444
304028,304028,Simmonds Islands,NZL,Ia,1,0.029316496425028
304029,304029,Walker Island,NZL,Ia,2,0.078280173551405
304033,304033,Sugar Loaf Islands,NZL,Ia,1,0.000669124525973
304997_B,304997,Nirjutiqarvik National Wildlife Area,CAN,Ib,2,1439.73460356902
305092_B,305092,Macquarie Island,AUS,Ia,2,818.097989950035
305973_A,305973,Jurien Bay,AUS,Ia,2,31.0478660096449
306088,306088,Nicolas Baudin Island,AUS,Ia,2,0.87715237959278
306163,306163,Auckland Islands - Motu Maha,NZL,Ia,2,5023.31304201739
306164,306164,Whanganui A Hei,NZL,Ia,2,8.45157517230009
306165,306165,Hawea (Clio Rocks),NZL,Ia,2,3.92339685472394
306166,306166,Kahukura (Gold Arm),NZL,Ia,1,4.1931794863847
306167,306167,Kutu Parera (Gaer Arm),NZL,Ia,1,3.88404972864542
306168,306168,Moana Uta (Wet Jacket Arm),NZL,Ia,2,18.8865551073497
306169,306169,Taipari Roa (Elizabeth Island),NZL,Ia,2,5.6593166142699
306170,306170,Taumoana (Five Fingers Peninsula),NZL,Ia,2,14.0954519101274
306174,306174,Te Matuku,NZL,Ia,1,5.94154487296256
306175,306175,Te Tapuwae o Hua (Long Sound),NZL,Ia,2,34.8252490921588
306176,306176,Ulva Island - Te Wharawhara,NZL,Ia,2,10.465421058522
306775,306775,Arrecife Alacranes,MEX,Ia,2,3335.98154706599
306793,306793,El Vizcaíno,MEX,Ia,1,3736.70662700318
306808,306808,Isla San Pedro Mártir,MEX,Ia,2,299.031932263977
306809,306809,Islas Marías,MEX,Ia,2,6176.36611493251
306816,306816,Los Petenes,MEX,Ia,1,1818.53743263786
306850,306850,Sistema Arrecifal Veracruzano,MEX,Ia,2,653.523157208782
307613,307613,Chancet Rock,NZL,Ia,1,0.002064445188109
307642,307642,Brothers Islands (South Group),NZL,Ia,1,0.052101644122514
307649,307649,Motunau Island,NZL,Ia,1,0.009120667456786
307653,307653,Rileys Lookout,NZL,Ia,1,0.001324075672354
307656,307656,Titi Island,NZL,Ia,1,0.035547822452448
307657,307657,Wharekakahu Island,NZL,Ia,1,0.003080279604236
308845,308845,North Western Port N.C.R.,AUS,Ia,1,2.72049883779773
308912,308912,Reef Island and Bass River Mouth N.C.R,AUS,Ia,1,0.939766677194079
309466,309466,Ile des Phoques,AUS,Ia,1,0.025833451285455
310159,310159,North-West Solitary Island,AUS,Ia,1,0.02397096618059
310330,310330,Unnamed WA43903,AUS,Ia,1,0.020687070702893
310984,310984,Unnamed WA15185,AUS,Ia,1,0.018284143140084
311169,311169,Albatross Island,AUS,Ia,1,0.153225125604335
311243,311243,Black Pyramid Rock,AUS,Ia,2,0.137162290712926
311286,311286,Escape Island,AUS,Ia,1,0.086542180989979
311522,311522,Curtis Island,AUS,Ia,1,0.176209748285552
311590,311590,Devils Tower,AUS,Ia,1,0.007888993793997
311797,311797,North East Islet,AUS,Ia,2,0.007902662368227
312112,312112,San Diego Marine Life Refuge,USA,Ia,2,0.332464375844602
312172,312172,Del Mar Landing State Marine Reserve,USA,Ia,1,0.483021725597016
312188,312188,Tortugas Marine Reserves Habitat Areas of Particular Concern Marine Reserve,USA,Ia,2,230.043085038175
312333,312333,Sund Rock Conservation Area,USA,Ia,2,0.267982970341165
312335,312335,Orchard Rocks Conservation Area,USA,Ia,2,0.419488454009682
312356,312356,Big Creek State Marine Reserve,USA,Ia,2,37.240309774628
312359,312359,Vandenberg State Marine Reserve,USA,Ia,2,82.1849572940534
312821,312821,Brackett's Landing Shoreline Sanctuary Conservation Area,USA,Ia,2,0.177900002892905
312840,312840,Estero de Limantour State Marine Reserve,USA,Ia,1,2.750278448191
312843,312843,Point Cabrillo State Marine Reserve,USA,Ia,1,0.994786208560176
313615,313615,Kermadec Islands,NZL,Ia,2,7551.44204936351
313683,313683,Bird Island,AUS,Ia,1,0.009141661517766
314784,314784,First and Second Islands F.R.,AUS,Ia,1,0.062342140253092
314823,314823,Lady Julia Percy Island W.R.,AUS,Ia,1,0.196165112307078
314834,314834,Lawrence Rocks W.R.,AUS,Ia,2,0.064512786066141
314852,314852,The Spit W.R.,AUS,Ia,1,4.47703778984996
314883,314883,Green Island,AUS,Ia,1,0.002967536832364
314888,314888,Lancelin And Edwards Islands,AUS,Ia,1,0.195710298560139
314899,314899,Recherche Archipelago,AUS,Ia,1,9.21812315330905
314901,314901,Scott Reef,AUS,Ia,2,33.7403234593858
314904,314904,Tanner Island,AUS,Ia,1,0.012512915250041
315060,315060,Grays Harbor National Wildlife Refuge,USA,Ia,1,3.83262764664151
315470,315470,Protection Island National Wildlife Refuge,USA,Ia,1,0.261077065381121
315471,315471,Poor Knights Islands,NZL,Ia,2,18.725900542733
315472,315472,Tuhua (Mayor Island),NZL,Ia,2,10.3831775493733
315473,315473,Long Island - Kokomohua,NZL,Ia,2,5.98871830215337
315474,315474,Te Tapuwae o Rongokako,NZL,Ia,2,24.2423575186964
317278,317278,Berakas (Conservation),BRN,Ia,1,0.299014356960792
326403,326403,Naravni rezervat Strunjan,SVN,Ib,1,0.763461010030715
326418,326418,"Allirahu LKA, Allirahu skv.",EST,Ib,1,0.004159879067744
326419,326419,"Allirahu LKA, Tompamaa skv.",EST,Ib,2,4.78325432869158
326498,326498,2002974 Brändöskär,SWE,Ia,1,1.4402469354491
326631,326631,"Päite MKA, Voka skv.",EST,Ib,1,0.151662485725586
328988,328988,"Zones apolytis prostasias AP1, AP2, AP3 kai AP4 Ethnikou Parkou limnothalasson Mesolongiou",GRC,Ia,1,0.46562549309549
337563,337563,Bjugnholmen,NOR,Ia,1,0.013629577484273
337564,337564,Buholman,NOR,Ia,2,11.1228579793367
337565,337565,Melstein,NOR,Ia,2,5.79739781753374
337566,337566,Måøyan,NOR,Ia,1,4.87338300309819
337568,337568,Svesøya,NOR,Ia,1,0.023944735149394
337569,337569,Vassholmen,NOR,Ia,1,0.410468453475584
339109,339109,2004557 Östra Tvärnö,SWE,Ia,1,0.134677550036675
339211,339211,2010910 Idön,SWE,Ia,1,0.732141723554181
339935,339935,"Rahuste LKA, Kriimi loodusreservaat",EST,Ia,2,0.762666267005112
342344,342344,Zona marina del Archipiélago de San Lorenzo,MEX,Ia,2,583.480741765834
345470,345470,Luodon saaristo 88,FIN,Ib,2,41.6320889477734
346074,346074,Åbyelva,NOR,Ia,1,0.006422945006304
346078,346078,Bliksekilen,NOR,Ia,1,0.103054764171186
346080,346080,Brattøykollen,NOR,Ia,1,0.025633189933389
346085,346085,Gårdemma,NOR,Ia,1,0.01104131655308
346086,346086,Gjermundsholmen,NOR,Ia,1,0.007466541950955
346091,346091,Hummerbakken,NOR,Ia,1,0.070229589363722
346095,346095,Løvøya,NOR,Ia,1,0.018086511284282
346096,346096,Malmøya,NOR,Ia,1,0.284200077184533
346103,346103,Pirane,NOR,Ia,1,0.021076207117041
346104,346104,Ringane,NOR,Ia,1,0.015707175371879
346107,346107,Stranda,NOR,Ia,1,0.007995293471864
346113,346113,Vestre Hovedøya,NOR,Ia,1,0.025752904231385
348799,348799,Illots de Ponent,ESP,Ia,1,0.332593482097107
348880,348880,Es Vedrà i es Vedranell,ESP,Ia,1,0.29951449331184
349014,349014,Les Illes Columbretes,ESP,Ib,1,0.039241114358429
349047,349047,Los Islotes,ESP,Ia,1,0.157315984945154
349633,349633,Roques de Salmor,ESP,Ia,1,0.003625231991776
349644,349644,Roques de Anaga,ESP,Ia,1,0.015466474118323
349993,349993,Zones A1 kai A6 periochis A Ethnikou Thalassiou Parkou Alonnisou Voreion Sporadon,GRC,Ia,2,157.154867513617
351821,351821,Estação Ecológica Da Guanabara,BRA,Ia,1,3.14619185617931
352742,352742,Richardson Rock (San Miguel Island) State Marine Reserve,USA,Ia,2,105.540022437972
352743,352743,Judith Rock (San Miguel Island) State Marine Reserve,USA,Ia,2,11.7369662060126
352744,352744,Harris Point (San Miguel Island) State Marine Reserve,USA,Ia,2,65.0835152662305
352745,352745,Skunk Point (Santa Rosa Island) State Marine Reserve,USA,Ia,2,3.60333961954964
352746,352746,Carrington Point (Santa Rosa Island) State Marine Reserve,USA,Ia,2,32.9633098445533
352747,352747,South Point (Santa Rosa Island) State Marine Reserve,USA,Ia,2,33.5396426763653
352748,352748,Gull Island (Santa Cruz Island) State Marine Reserve,USA,Ia,2,51.3124414868912
352749,352749,Scorpion (Santa Cruz Island) State Marine Reserve,USA,Ia,2,24.9282383748616
352750,352750,Santa Barbara Island State Marine Reserve,USA,Ia,2,33.0096992538245
352751,352751,Anacapa Island State Marine Reserve,USA,Ia,2,29.8937395255762
352762,352762,Bald Head Island State Natural Area,USA,Ia,1,9.3896526435299
354075,354075,Marine Plain,ATA,Ia,1,17.4175861186836
354086_A,354086,Macquarie Island,AUS,Ia,2,57136.9413746768
354141,354141,Ardery Island and Odbert Island,ATA,Ia,2,2.43835223191174
354203,354203,Baynes Island,AUS,Ia,1,0.052872228320053
354391,354391,Bushy Island,AUS,Ia,2,0.002885785803826
354580,354580,Dart Island,AUS,Ia,1,0.030034242782403
354733,354733,Frazier Islands,ATA,Ia,2,0.598798740589423
356390,356390,Iron Pot,AUS,Ia,1,0.007221179156736
356395,356395,Isle of Caves,AUS,Ia,1,0.010827547511344
356417,356417,Jawbone F.F.R.,AUS,Ia,1,0.026798140997398
356523,356523,Lachlan Island,AUS,Ia,1,0.018291651759903
356590,356590,"Lipfert, Milligan, Etc Islands",AUS,Ia,2,0.023771453377713
356593,356593,Little Christmas Island,AUS,Ia,1,0.018551725935073
356601,356601,Little Swan Island,AUS,Ia,1,0.045371890413617
356604,356604,Little Waterhouse Island,AUS,Ia,1,0.022433663528683
356953,356953,One Tree Island,AUS,Ia,1,0.000765892820947
357128,357128,Rookery Islands,ATA,Ia,1,0.431482121768388
357229,357229,St Alouarn Island,AUS,Ia,1,0.027261296194965
357723,357723,Spectacle Islands,AUS,Ia,1,0.033612487064598
357727,357727,Pelican Island,AUS,Ia,1,0.082205011529181
365034,365034,Marado Island,KOR,Ia,2,5.42329009946296
365037,365037,Dokdo,KOR,Ia,1,0.076389599533397
365038,365038,Mount Seongsan Ilchulbong,KOR,Ia,1,4.49687220320845
365039,365039,Munseom Island and Beomseom Island,KOR,Ia,2,8.8526890330651
365040,365040,Cha-gwido Island,KOR,Ia,2,5.33310542874116
366739,366739,Cape Romain National Wildlife Refuge.Wilderness Area,USA,Ib,1,18.3869046193816
377228,377228,Nunivak,USA,Ib,1,458.067530344459
378816,378816,"Udria MKA, Udria skv.",EST,Ib,1,0.068531873963022
379537,379537,2008463 Biotopskydd 2005:977,SWE,Ia,1,0.004472591041679
380763,380763,2002919 Brämön,SWE,Ib,1,4.73987298403311
380948,380948,2013535 Salen,SWE,Ia,1,4.93785996528121
381473,381473,2008329 Biotopskydd 2004:298,SWE,Ia,1,0.017030312524867
381875,381875,2007067 Biotopskydd 2002:736,SWE,Ia,1,0.010024251998521
381997,381997,2010895 Havsvik,SWE,Ia,1,0.059867638820622
382663,382663,2013050 Biotopskydd 2006:583,SWE,Ia,1,0.005503278781267
383191,383191,2007304 Biotopskydd 1996:101,SWE,Ia,1,0.00916724360828
383785,383785,2006769 Biotopskydd 1997:89,SWE,Ia,1,0.018973668459504
383951,383951,2008464 Biotopskydd 2005:979,SWE,Ia,1,0.005820342526874
384221,384221,2013992 Biotopskydd 2008:124,SWE,Ia,1,0.003735285500362
384317,384317,2013937 Biotopskydd 2007:578,SWE,Ia,1,0.008164661030775
384467,384467,2014383 Nötholmen,SWE,Ia,1,0.054367892569828
384609,384609,2010486 Biotopskydd 2004:748,SWE,Ia,1,0.005692814647639
385166,385166,2002775 Klackudden,SWE,Ia,1,0.140988224486076
387509,387509,Søndre Skjælholmen,NOR,Ia,1,0.01644635954169
387510,387510,Gåsøya,NOR,Ia,1,0.006196554896372
387511,387511,Geitholmen,NOR,Ia,1,0.003179981718374
387514,387514,Vendelholmene,NOR,Ia,1,0.049674711389229
387515,387515,Løkenesskogen,NOR,Ia,1,0.058289300449462
387516,387516,Langåra,NOR,Ia,1,0.016997554940209
387518,387518,Borøya,NOR,Ia,1,0.062891173548665
387519,387519,Lilleøya,NOR,Ia,1,0.039797137594843
387521,387521,Store Herbern,NOR,Ia,1,0.005738444889483
387553,387553,Heggholmen,NOR,Ia,1,0.044336906706612
387555,387555,Husbergøya,NOR,Ia,1,0.02761817305164
387557,387557,Skogerholmen,NOR,Ia,1,0.006888666794324
387559,387559,Torvøya og Bjerkholmen,NOR,Ia,1,0.212476031891949
387560,387560,Kjeholmen,NOR,Ia,1,0.010886705536494
387561,387561,Paradisbukta,NOR,Ia,1,0.008527325139611
387563,387563,Bleikøya,NOR,Ia,1,0.027328877520235
387580,387580,Søndre Verksøya,NOR,Ia,1,0.001483755042182
388903,388903,Caldeirinhas,PRT,Ia,1,0.087891613159027
388904,388904,Morro do Castelo Branco,PRT,Ib,1,0.130566671424304
388934,388934,Ilheu da Vila,PRT,Ib,1,0.226627496491752
388944,388944,Ilheu de Baixo,PRT,Ib,2,1.3435234361466
388945,388945,Ilheu da Praia,PRT,Ib,2,2.07261876290345
388974,388974,Sitio da Rocha do Navio,PRT,Ib,2,17.0746426976254
391215,391215,2014942 Sjöskogen,SWE,Ia,1,0.580976302835712
391231,391231,2022233 Gärdesudden,SWE,Ia,1,0.091834307294704
391232,391232,2014954 Strandskogen,SWE,Ia,1,0.33968800596932
391318,391318,2024097 Biotopskydd 2010:202,SWE,Ia,1,0.016591756596278
391647,391647,2024890 Stora Bergö,SWE,Ia,1,0.962686039761547
391667,391667,2020285 Nävekvarns klint,SWE,Ia,1,1.29450527513691
391892,391892,2000868 Hästholmen,SWE,Ia,1,0.169003088490007
392158,392158,Insulele Prundu cu Păsări,ROU,Ia,2,1.85126615126524
392159,392159,Insula Ceaplace,ROU,Ia,2,1.13681390853375
392346,392346,"Osmussaare MKA, Tiiru skv",EST,Ib,1,0.000901117872983
392368,392368,"Suurupi LKA, Mere skv.",EST,Ib,1,0.054631166699801
392919,392919,Remman,NOR,Ia,2,20.1433923562828
392920,392920,Saltstein-Kløvningen,NOR,Ia,2,11.8877631124863
392921,392921,Orskjera,NOR,Ia,2,10.4241652745918
392922,392922,Sortna,NOR,Ia,2,6.91229604775022
392923,392923,Orholmen-Grøningen,NOR,Ia,2,3.94987377078712
392925,392925,Røssholmen-Skjela-Oterholmen,NOR,Ia,2,3.18262962131342
392926,392926,Eggholmane-Lisjeholmen,NOR,Ia,2,3.0464534065319
392927,392927,Tromskjera-Mannskjera,NOR,Ia,2,2.59920429345236
392928,392928,Aunvågen,NOR,Ia,1,0.941563499756704
392930,392930,Sandøya-Vattøya,NOR,Ia,1,1.63343559443157
392931,392931,Gjøsundholmen,NOR,Ia,1,1.49910757971032
392932,392932,"Tautra, vest",NOR,Ia,1,1.14287374194335
392933,392933,Svetlingane,NOR,Ia,2,1.13681776002662
392935,392935,Riste,NOR,Ia,1,0.830824881656057
392936,392936,Langholmen,NOR,Ia,2,0.685647665995461
392937,392937,Grip,NOR,Ia,1,0.670638850773734
392938,392938,Erkna,NOR,Ia,1,0.573013469259217
392939,392939,Svinøya,NOR,Ia,1,0.393768039353027
392940,392940,Rødholmen,NOR,Ia,2,0.401600099914693
392941,392941,Storholmen,NOR,Ia,1,0.36248480562718
392942,392942,Vegsundholmane-Veibustholmen,NOR,Ia,2,0.337422347994395
392943,392943,Haramsøya vestside,NOR,Ia,1,0.230646322453472
392944,392944,Bøfjordholmane,NOR,Ia,2,0.310120107722302
392945,392945,Rauer,NOR,Ia,1,0.275774861821388
392946,392946,Feøya,NOR,Ia,1,0.215452630725646
392947,392947,Nupafjellet,NOR,Ia,1,0.206381901649322
392948,392948,Fugløya,NOR,Ia,1,0.209976215108694
392949,392949,Flørauden,NOR,Ia,2,0.211803033264622
392952,392952,Muleneset,NOR,Ia,1,0.277303877193426
392953,392953,Skalmen,NOR,Ia,1,0.178102344594888
392955,392955,Eggholmen,NOR,Ia,1,0.145571982881252
392956,392956,Sveltingen,NOR,Ia,1,0.135036316657806
392958,392958,Vealøs,NOR,Ia,1,0.08299944754055
392960,392960,Vistdalsholmen,NOR,Ia,1,0.089338594509087
392966,392966,Revlingen,NOR,Ia,1,0.066462925300668
392967,392967,Prestholmen,NOR,Ia,1,0.072799859146953
392968,392968,Herfølsalta,NOR,Ia,1,0.036373888090466
392971,392971,Eidsholmen,NOR,Ia,1,0.057783638622446
392972,392972,Kjepina,NOR,Ia,2,0.060682527654587
392974,392974,Gjølertangen,NOR,Ia,1,0.027816134946165
392978,392978,Vindfarholmen,NOR,Ia,2,0.048033193501629
392981,392981,Alshusbukta,NOR,Ia,1,0.013950610103756
392987,392987,Gullholmen,NOR,Ia,1,0.041575175670799
392992,392992,Rauerkalven,NOR,Ia,1,0.05029543058267
393006,393006,Langskjær,NOR,Ia,1,0.021067978226077
393042,393042,Garntangen,NOR,Ia,1,0.010555369401441
393044,393044,Jan Mayen,SJM,Ib,2,4302.43948654605
395344,395344,Loi,NOR,Ia,2,0.838593913807134
395347,395347,Nordre Skjælholmen,NOR,Ia,1,0.008802275155636
395350,395350,Eiterstrondi,NOR,Ia,1,1.28547694462697
395416,395416,Tangen,NOR,Ia,1,0.014801538933742
395417,395417,Orebukta,NOR,Ia,1,0.020195354921504
397578,397578,Grytskäretin vesialue 1,FIN,Ib,1,6.43227851048818
397580,397580,Siipyyn saaristo 1,FIN,Ib,2,13.8362072606558
397582,397582,Grytskäretin vesialue 2,FIN,Ib,2,5.17293776679435
398136,398136,Bergösmfvatten.fredningsomr.,FIN,Ib,2,175.805233527447
398165,398165,Närpiön saaristo 1,FIN,Ib,2,8.76467009769389
478071,478071,Bancos de La Plata y La Navidad,DOM,Ia,2,33437.3133152888
478092,478092,Estero Hondo,DOM,Ia,1,11.7857235366276
478602,478602,Reserva Biológica Do Parazinho,BRA,Ia,1,0.444605874508248
900699,900699,Cayos Miskitos y Franja Costera Inmediata,NIC,Ia,1,5220.74180556787
902698,902698,Codrington Lagoon,ATG,Ia,2,24.8033402398925
1111270,1111270,Farallon National Wildlife Refuge,USA,Ia,1,0.06784205682184
1111289,1111289,San Diego Bay National Wildlife Refuge,USA,Ia,1,7.49449068201252
6666113,6666113,Passage Key National Wildlife Refuge,USA,Ia,2,0.255158609949729
6666293,6666293,Egg Island Bar Natural Area,USA,Ia,1,0.461764985968886
6666308,6666308,Pelican Spit Natural Area,USA,Ia,2,0.582734678033563
6666312,6666312,Satilla River Marsh Island Natural Area,USA,Ia,1,0.058379042146854
11111920,11111920,North Bay Natural Area Preserve,USA,Ia,1,1.62632350119844
11114336,11114336,Skookum Inlet Natural Area Preserve,USA,Ia,1,0.2033859266637
11115157,11115157,Rocks And Islands,USA,Ib,1,0.00723915718768
11115361,11115361,Phillip Burton,USA,Ib,1,29.4528408883782
11115532,11115532,Marin Islands National Wildlife Refuge,USA,Ia,2,1.8480718036651
555512153,555512153,Tres Palmas de Rincón Marine Reserve,PRI,Ia,2,0.797018463783999
555512159,555512159,Isla de Desecheo Marine Reserve,PRI,Ia,2,6.07799011960249
555515645,555515645,Whitehorse Island,CAN,Ia,1,0.003892378909969
555516353_B,555516353,FRANCIS POINT ECOLOGICAL RESERVE,CAN,Ia,1,0.052400094932831
555516356_B,555516356,OWYACUMISH RIVER PARK,CAN,Ib,1,0.014885392054472
555516376_B,555516376,KHUTZEYMATEEN INLET WEST CONSERVANCY,CAN,Ib,1,1.4643188250216
555516381_B,555516381,KHUTZEYMATEEN INLET CONSERVANCY,CAN,Ib,2,24.3731474533996
555516427_B,555516427,Akpait National Wildlife Area,CAN,Ib,2,740.984892186018
555516428_B,555516428,Ninginganiq National Wildlife Area,CAN,Ib,2,2825.57479824189
555516429_A,555516429,Qaqulluit National Wildlife Area,CAN,Ib,1,0.661397809776116
555516429_B,555516429,Qaqulluit National Wildlife Area,CAN,Ib,2,395.893029902136
555543388,555543388,Flat Island,AUS,Ia,1,0.009585459453567
555543603,555543603,Saratoga Island,AUS,Ia,1,0.001651167322035
555543606,555543606,Shark Island,AUS,Ia,1,0.005474993748061
555543665,555543665,Woregore,AUS,Ia,1,0.108309966711315
555544135,555544135,Whangarei Harbour,NZL,Ia,1,1.75827035793714
555544137_A,555544137,Montebello Islands,AUS,Ia,2,284.766417233177
555544139,555544139,Barrow Island,AUS,Ia,2,40.0034049728529
555544141,555544141,Horoirangi,NZL,Ia,2,8.84890493682977
555544142,555544142,Te Paepae o Aotea,NZL,Ia,2,12.7231030375429
555544143,555544143,Parininihi,NZL,Ia,2,18.2909643652965
555544662,555544662,Närpiön saaristo 4,FIN,Ib,2,9.65380509052368
555544835,555544835,2014076 Umeälvens delta,SWE,Ib,1,11.2313271909924
555545763,555545763,Banco D. Joao de Castro,PRT,Ib,2,16.199136146466
555545766,555545766,Campo Hidrotermal Lucky Strike,PRT,Ib,2,300.727834378058
555545767,555545767,Campo Hidrotermal Menez Gwen,PRT,Ib,2,264.582745437954
555545768,555545768,Campo Hidrotermal Rainbow,PRT,Ib,2,22.1673050223486
555545769,555545769,Ilheu de Maria Vaz,PRT,Ia,2,0.094798031088308
555545770,555545770,Monte Submarino Sedlo,PRT,Ib,2,4096.38920166491
555545815,555545815,Garajau,PRT,Ia,2,3.09290408866094
555545816,555545816,Rede de Areas Marinhas Protegidas do Porto Santo,PRT,Ib,1,23.6634481655909
555546015,555546015,Les Illes Medes,ESP,Ia,1,0.024238621765546
555546019,555546019,Ses Salines d'Eivissa i Formentera,ESP,Ia,1,4.48876364187638
555546020,555546020,"Illes des Porros, s'Estany, la bassa de Morella, es Prat i l'illa d'en Colom",ESP,Ia,1,0.172741929522401
555547351,555547351,Elkhorn Slough State Marine Reserve,USA,Ia,1,3.62512670382049
555547352,555547352,Morro Bay State Marine Reserve,USA,Ia,1,0.727289272215359
555547353,555547353,Natural Bridges State Marine Reserve,USA,Ia,1,0.306057343185256
555547355,555547355,Lovers Point State Marine Reserve,USA,Ia,2,0.711443158701934
555547360,555547360,Piedras Blancas State Marine Reserve,USA,Ia,2,26.5002793614364
555547361,555547361,Point Buchon State Marine Reserve,USA,Ia,2,17.0467862273055
555547362,555547362,Footprint State Marine Reserve,USA,Ia,2,18.2666785658326
555547363,555547363,Point Arena State Marine Reserve,USA,Ia,2,11.1476252552034
555547365,555547365,Bodega Head State Marine Reserve,USA,Ia,2,23.7674542229175
555547366,555547366,Point Reyes State Marine Reserve,USA,Ia,2,23.8914311271011
555547367,555547367,Southeast Farallon Island State Marine Reserve,USA,Ia,2,13.6936777969733
555547368,555547368,Montara State Marine Reserve,USA,Ia,2,30.2849613000089
555547369,555547369,Point Reyes Headlands Special Closure,USA,Ia,1,1.44607881108049
555547370,555547370,Point Resistance Special Closure,USA,Ia,2,0.037235169737456
555547371,555547371,Double Point/Stormy Stack Special Closure,USA,Ia,2,0.05271846203224
555547372,555547372,Egg (Devil's Slide) Rock to Devil's Slide Special Closure,USA,Ia,1,0.116585327380784
555547373,555547373,North Farallon Islands Special Closure,USA,Ia,2,0.519143944494253
555547374,555547374,Southeast Farallon Sp Special Closure,USA,Ia,1,0.275177254649462
555547375,555547375,North Farallon Islands State Marine Reserve,USA,Ia,2,46.7716557009877
555547376,555547376,Southeast Farallon Sp Special Closure,USA,Ia,1,0.04421400961691
555547378,555547378,Wai'opae Tidepools Marine Life Conservation District,USA,Ia,1,0.07637110908992
555547387,555547387,Canal Luis Peña Natural Reserve,PRI,Ia,2,6.25511615850006
555547390,555547390,Stewarts Point State Marine Reserve,USA,Ia,2,62.0166196428205
555547391,555547391,Asilomar State Marine Reserve,USA,Ia,1,3.55498643657948
555547392,555547392,Carmel Pinnacles State Marine Reserve,USA,Ia,2,1.36601679302917
555547393,555547393,Point Lobos State Marine Reserve,USA,Ia,2,13.6729576076749
555547394,555547394,Point Sur State Marine Reserve,USA,Ia,2,24.9193271916208
555548003,555548003,Amanda Bay,ATA,Ia,2,16.9595456934178
555548007,555548007,Bass Pyramid,AUS,Ia,1,0.007128668588383
555548039,555548039,Councillor Island,AUS,Ia,1,0.052547416131524
555548047_A,555548047,Encounter,AUS,Ia,1,0.083728008212773
555548050_A,555548050,Far West Coast,AUS,Ia,2,1694.97847132214
555548066,555548066,Hawker Island,ATA,Ia,2,2.17444360699155
555548082,555548082,Larsemann Hills,ATA,Ia,2,225.919460812499
555548090,555548090,Mawson's Huts,ATA,Ia,2,1.02186286741104
555548101_A,555548101,Muiron Islands,AUS,Ia,2,19.2034910847626
555548102,555548102,Scullin and Murray Monoliths,ATA,Ia,1,2.54550610808348
555548127,555548127,Reid Rocks,AUS,Ia,1,0.042439219485337
555548146_A,555548146,Sir Joseph Banks Group,AUS,Ia,1,0.005777407855322
555548151_A,555548151,Southern Kangaroo Island,AUS,Ia,2,3.70841143366323
555548152_A,555548152,Southern Spencer Gulf,AUS,Ia,1,0.4611088933386
555548174_A,555548174,Upper Gulf St Vincent,AUS,Ia,2,86.0760291655502
555548181_A,555548181,West Coast Bays,AUS,Ia,2,3.21262885944584
555548186,555548186,Wright Rock,AUS,Ia,1,0.00670628119671
555548204_A,555548204,Great Barrier Reef Coast,AUS,Ia,2,409.715479626721
555548269,555548269,Unnamed WA48858,AUS,Ia,2,0.000535520946918
555548351,555548351,Unnamed WA45089,AUS,Ia,1,0.023462006434173
555550658,555550658,Mikkelinsaaret 72,FIN,Ib,2,9.98482143094477
555550826,555550826,Närpiön saaristo 5,FIN,Ib,2,20.5695310322091
555550895,555550895,Mikkelinsaaret 73,FIN,Ib,2,63.276040108927
555551258,555551258,2032389 Välen,SWE,Ia,1,0.111079942275536
555551320,555551320,2041790 Biotopskydd 2013:349,SWE,Ia,1,0.003687695166984
555551459,555551459,2041610 Mullvalds strandskog,SWE,Ia,1,0.202252277389628
555551482,555551482,2040568 Biotopskydd 2012:506,SWE,Ia,1,0.011219930117712
555551582,555551582,2024529 T-udden,SWE,Ia,1,0.053246726600346
555551649,555551649,2043647 Smulterskäret,SWE,Ia,1,2.26905270701114
555552032,555552032,2023151 Ireån,SWE,Ia,1,0.04273908592547
555552445,555552445,Prinsesseåsen,NOR,Ia,1,0.037682004884093
555556766,555556766,Bikini,MHL,Ib,2,2014.41082656222
555556870_A,555556870,Ashmore Reef,AUS,Ia,2,549.294911220452
555556873,555556873,Cartier Island,AUS,Ia,2,172.338231322776
555559378,555559378,Klobbskat 1,FIN,Ib,2,5.99582016436227
555559389,555559389,Luodon ja Kokkolan saaristo,FIN,Ib,1,19.2210757125467
555560031,555560031,Vealøs,NOR,Ia,1,0.114216969303668
555562173,555562173,"Kihnu laidude LKA, Kihnu karede skv.",EST,Ib,2,5.18356244779548
555562321,555562321,"Kihnu laidude LKA, Kihnu linnulaidude skv.",EST,Ib,2,3.79329007330294
555562535,555562535,2042827 Norrängsskogen,SWE,Ia,1,0.081946419679539
555562625,555562625,2042701 Biotopskydd 2013:556,SWE,Ia,1,0.011230364417624
555562639,555562639,2041530 Kobbungen,SWE,Ia,1,0.046963277851601
555562677,555562677,2028349 Gräddö-Asken,SWE,Ia,1,0.053087238062774
555562683,555562683,2042406 Barnens Ö,SWE,Ia,1,0.178918537486734
555564459,555564459,Antipodes Islands,NZL,Ia,1,2.43010380262722
555564461,555564461,Bounty Islands,NZL,Ia,1,0.400083173480055
555564463,555564463,Snares Islands,NZL,Ia,1,0.477328225685881
555564558,555564558,Tawharanui,NZL,Ia,2,3.74020746574415
555565683,555565683,Mangere Island,NZL,Ia,1,0.138206731426337
555565790,555565790,Taputeranga,NZL,Ia,2,8.30759526621277
555565830,555565830,Tapuae,NZL,Ia,2,13.6543233632704
555566859,555566859,Moutere Ihupuku / Campbell Island,NZL,Ia,2,1122.11631577968
555566860,555566860,Moutere Mahue / Antipodes Island,NZL,Ia,2,2165.2934411595
555566861,555566861,Moutere Hauriri / Bounty Islands,NZL,Ia,2,1041.8033014978
555566883,555566883,Breaksea Island,NZL,Ia,1,10.538024643884
555567062,555567062,Marais-de-Saint-Michel-de-Bellechasse Habitat Of A Threatened Or Vulnerable Plant Species,CAN,Ia,1,0.146423602076173
555567066,555567066,Île-Rock Habitat Of A Threatened Or Vulnerable Plant Species,CAN,Ia,2,0.010721795085644
555567073,555567073,Marais-de-l'Anse-Verte Habitat Of A Threatened Or Vulnerable Plant Species,CAN,Ia,1,0.148040255906221
555567074,555567074,Marais-de-l'Anse-du-Cap Habitat Of A Threatened Or Vulnerable Plant Species,CAN,Ia,1,0.153172205715687
555567085,555567085,Alvar-de-l'Île-de-Pierre Habitat Of A Threatened Or Vulnerable Plant Species,CAN,Ia,2,0.012483519834051
555567351,555567351,"Île aux Goélands, Étang-du-Nord Cliff Inhabited By A Colony Of Birds",CAN,Ia,1,0.002414594427287
555571187,555571187,Air Alas,IDN,Ia,1,0.159415020034697
555571195,555571195,Air Seblat,IDN,Ia,1,0.256164494404386
555571236,555571236,Karimunjawa,IDN,Ia,2,1165.31930928192
555571293,555571293,P. Kofiau,IDN,Ia,1,109.196462634563
555576595_A,555576595,Marmion,AUS,Ia,2,0.407775185749642
555577434,555577434,Heard Island and McDonald Islands,HMD,Ia,2,70588.74025435
555580922,555580922,Horse Island,GBR,Ia,1,0.056090722126007
555580923,555580923,Carlingford Lough Islands,GBR,Ia,1,0.12573628420601
555580924,555580924,Larne Lough Islands,GBR,Ia,1,0.002350548103921
555580929,555580929,Fidra,GBR,Ia,1,0.04519448636297
555580930,555580930,Inchmickery,GBR,Ia,1,0.032466355878189
555580932,555580932,Ramna Stacks & Gruney,GBR,Ia,1,0.041560845654121
555580934,555580934,Grassholm,GBR,Ia,1,0.038658634498645
555580935,555580935,Pilsey Island,GBR,Ia,1,0.055226082442952
555580936,555580936,Reads Island,GBR,Ia,1,0.543725168112265
555581319,555581319,Farne Islands,GBR,Ia,1,0.110445950944779
555582986,555582986,Cayos Zapotillos,HND,Ia,2,10.6424685933055
555583067,555583067,Boatswain Bird Island Sanctuary,SHN,Ia,2,0.053707182960066
555583308,555583308,Ailinginae,MHL,Ib,2,1018.202510325
555583340,555583340,Mili Atoll,MHL,Ib,2,95.682833833205
555586186,555586186,Breton National Wildlife Refuge.Wilderness Area,USA,Ib,1,37.6733199125551
555586220,555586220,Hazy Island,USA,Ib,1,0.043382128312445
555586233,555586233,Monomoy,USA,Ib,1,5.1428853877965
555586239,555586239,Oregon Islands National Wildlif,USA,Ib,2,3224.32556712466
555586242,555586242,Passage Key National Wildlife Refuge.Wilderness Area,USA,Ib,2,0.076887346377948
555586243,555586243,Pelican Island National Wildlife Refuge.Wilderness Area,USA,Ib,1,0.007025372123776
555586256,555586256,Semidi,USA,Ib,2,1009.42474052219
555586276,555586276,Washington Islands,USA,Ib,1,0.464817273153502
555586441,555586441,Gerstle Cove State Marine Reserve,USA,Ia,1,0.007837206669626
555586715,555586715,James V Fitzgerald Marine Reserve,USA,Ia,1,1.76938596308815
555586717,555586717,Ano Nuevo State Marine Reserve,USA,Ia,2,27.6234554246786
555586816,555586816,Wake Atoll National Wildlife Refuge,UMI,Ia,2,2014.24765708733
555586836,555586836,Point Conception State Marine Reserve,USA,Ia,2,58.0268551075349
555586839,555586839,Campus Point State Marine Conservation Area,USA,Ia,2,27.0782968621593
555586841,555586841,Begg Rock (San Nicolas Island Quad) State Marine Reserve,USA,Ia,2,98.3228981191527
555586842,555586842,Point Vicente State Marine Conservation Area,USA,Ia,2,38.8757381722779
555586847,555586847,Blue Cavern (Catalina Island) Onshore State Marine Conservation Area,USA,Ia,2,6.730068123898
555586849,555586849,Long Point (Catalina Island) State Marine Reserve,USA,Ia,2,4.27693843044942
555586850,555586850,Casino Point (Catalina Island) State Marine Conservation Area,USA,Ia,1,0.017209541192632
555586856,555586856,Matlahuayl State Marine Reserve,USA,Ia,2,2.60615728290053
555586858,555586858,Cabrillo State Marine Reserve,USA,Ia,2,0.94842349599516
555586864,555586864,South Cape Mendocino State Marine Reserve,USA,Ia,2,23.3664562702801
555586865,555586865,Mattole Canyon State Marine Reserve,USA,Ia,2,25.3664728950147
555586866,555586866,Sea Lion Gulch State Marine Reserve,USA,Ia,2,26.7479766949627
555586874,555586874,Otter Rock Marine Reserve,USA,Ia,2,3.07937529735234
555586888,555586888,San Miguel Island Spec Special Closure,USA,Ia,1,1.95319414001336
555586889,555586889,Anacapa Island Spec Special Closure,USA,Ia,2,0.480709152680074
555586995,555586995,Point Dume State Marine Reserve,USA,Ia,2,19.2807772558267
555586999,555586999,Laguna Beach State Marine Reserve,USA,Ia,2,16.0687505697719
555587000,555587000,Laguna Beach State Marine Conservation Area,USA,Ia,2,8.91692906841548
555587003,555587003,South La Jolla State Marine Reserve,USA,Ia,2,12.9070978326859
555587007,555587007,Southwest Seal Rock Special Closure,USA,Ia,1,0.05071379935686
555587008,555587008,Castle Rock Special Closure,USA,Ia,1,0.100575127664353
555587009,555587009,False Klamath Rock Special Closure,USA,Ia,1,0.060968474079299
555587011,555587011,Reading Rock State Marine Reserve,USA,Ia,2,24.8687136539454
555587012,555587012,South Humboldt Bay State Marine Recreational Manag Recreation,USA,Ia,2,1.90912695384955
555587013,555587013,Sugarloaf Island Special Closure,USA,Ia,1,0.063237154021528
555587014,555587014,Steamboat Rock Special Closure,USA,Ia,2,0.044449611283728
555587015,555587015,Rockport Rocks Special Closure,USA,Ia,1,0.057140191300065
555587016,555587016,Vizcaino Rock Special Closure,USA,Ia,1,0.040683378155514
555587017,555587017,Ten Mile State Marine Reserve,USA,Ia,2,30.5906816516926
555587021,555587021,Redfish Rocks Marine Reserve,USA,Ia,2,6.75039511537343
555587171,555587171,Balandra,MEX,Ia,1,11.464573514704
555587175,555587175,"La porción norte y la franja costera oriental, terrestres y marinas de la Isla de Cozumel",MEX,Ia,1,320.650998655271
555587464,555587464,"Kälviän saaristo, Kotolahti ja Pikku-Köyrinen",FIN,Ib,2,30.4561027668903
555587746,555587746,Råskäret,FIN,Ib,2,1.43528665642349
555587912,555587912,"Lahemaa RP, Loosaarte skv.",EST,Ib,2,0.172128834654008
555588001,555588001,"Lahemaa RP, Saartneeme skv.",EST,Ib,1,0.007029864243751
555588059,555588059,"Kolga lahe MKA, Kolga lahe skv.",EST,Ib,2,9.95141061151599
555589139,555589139,2043966 Biotopskydd 2014:509,SWE,Ia,1,0.009355147368438
555589242,555589242,2043955 Biotopskydd 2015:26,SWE,Ia,1,0.002021684385129
555589281,555589281,2043766 Långören,SWE,Ia,1,3.86634658009295
555589293,555589293,2042687 Jonstorp-Vegeåns mynning,SWE,Ib,1,12.5806662391368
555590082,555590082,Lastningsplats,FIN,Ib,1,0.000793389093144
555592745,555592745,Acandí Playón y Playona,COL,Ib,2,261.778291696
555592845,555592845,Majuro,MHL,Ib,2,2.52160149503446
555592846,555592846,Kwajalein,MHL,Ib,2,0.676454806335413
555593200,555593200,Pokeshaw,CAN,Ib,1,0.001642825646649
555593215,555593215,Salkeld Islands,CAN,Ib,1,0.195626990722013
555594034,555594034,Xuhai-Guanyinbi,TWN,Ia,1,1.03711967489578
555595322,555595322,2044379 Brandalsund,SWE,Ia,1,0.093746344699407
555595422,555595422,2044042 Svärdsö,SWE,Ia,1,0.784430602765448
555595522,555595522,2041708 Lingarö,SWE,Ia,1,0.068548547331298
555595538,555595538,2044569 Klövberget,SWE,Ia,1,0.148215775978831
555596198,555596198,MPA Lara-Toxeftra,CYP,Ia,1,5.87164981093326
555597503,555597503,2021305 Avanäset,SWE,Ia,1,5.27419046044587
555597509,555597509,2045495 Sandöörarna,SWE,Ia,1,0.159080501265143
555597691,555597691,2045710 Vivesholm,SWE,Ia,1,0.371326635196915
555597760,555597760,2048105 Källarberget,SWE,Ia,1,0.248685985674356
555597779,555597779,2047931 Biotopskydd SK 385-2016,SWE,Ia,1,0.016919882765827
555599260,555599260,Stornes,ATA,Ia,2,21.1093345619928
555600298,555600298,Akaroa,NZL,Ia,2,5.09008726106669
555600299,555600299,Kahurangi,NZL,Ia,2,82.6579026305855
555600300,555600300,Hikurangi,NZL,Ia,2,104.007529918137
555600301,555600301,Hautai,NZL,Ia,2,8.36049471925355
555600302,555600302,Punakaiki,NZL,Ia,2,34.4442039104503
555600303,555600303,Waiau Glacier Coast,NZL,Ia,2,44.177405172145
555600304,555600304,Tauparikākā,NZL,Ia,1,0.111237324584385
555602293,555602293,Back Bay Propo,USA,Ib,1,2.88287282698037
555602805,555602805,Bogoslof,USA,Ib,1,0.100238953003006
555603317,555603317,Cedar Island National Wildlife Refuge.,USA,Ib,1,0.079002015455596
555603421,555603421,Chassahowitzka National Wildlife Refuge.Wilderness Area,USA,Ib,1,56.4663814419155
555603790,555603790,Copper Sands,USA,Ia,1,38.9665798597154
555604127,555604127,Willapa National Wildlife Refu,USA,Ia,1,0.068634609820235
555606318,555606318,Brigantine National,USA,Ib,1,0.422674078178035
555606483,555606483,Inner Double Head Shot Island Propo,USA,Ib,1,0.002217620415552
555606600,555606600,J. N. Ding Darling National Wildlife Refuge.Wilderness Area,USA,Ib,1,1.41383676173046
555607020,555607020,Hawaiian Islands National Wildlife Refu,USA,Ia,1,2.94934274592399
555607478,555607478,Marjory Stoneman Douglas,USA,Ib,1,2121.70310947898
555608120,555608120,Navassa Island National Wildlife Refuge,UMI,Ia,2,1468.90396351705
555608203,555608203,Nisqually National Wildlife Refu,USA,Ia,1,2.46461165039906
555608694,555608694,Hawaiian Islands National Wildlife Refu,USA,Ia,2,383.336525462866
555609592,555609592,Saint Lazaria,USA,Ib,1,0.037380597498226
555609640,555609640,San Juan Islands,USA,Ib,1,0.366254756035056
555609649,555609649,San Pedro Underwater Archaeological Preserve State Park,USA,Ia,2,2.6050340327123
555609975,555609975,Simeonof,USA,Ib,1,59.7151428963252
555610705,555610705,Three Arch Rocks National Wildlif,USA,Ib,2,0.739781534039093
555614450,555614450,Amanave Village Marine Protected Area,ASM,Ia,1,0.306727827561657
555614457,555614457,Fagamalo Village Marine Protected Area,ASM,Ia,2,0.431685157667332
555614459,555614459,Sa'ilele Village Marine Protected Area,ASM,Ia,2,0.071900841513252
555622056,555622056,Cochon Island,FLK,Ia,1,0.057044493979077
555622058,555622058,Natural Arch,FLK,Ia,1,0.13263281388224
555622060,555622060,Sand Bay,FLK,Ia,1,0.068524310191819
555622062,555622062,Seal Rocks S2D4,FLK,Ia,2,0.000239934230464
555622063,555622063,Seal Rocks S2D5,FLK,Ia,2,0.00108771106679
555622064,555622064,Seal Rocks S2D6,FLK,Ia,2,0.000327912785036
555622065,555622065,Seal Rocks S2D7,FLK,Ia,2,0.000339909618409
555622066,555622066,W Cape Orford,FLK,Ia,1,0.307205794213574
555622236,555622236,Gamak Bay,KOR,Ia,1,152.916122345988
555622237,555622237,Deukryang Bay,KOR,Ia,1,279.635057032902
555622238,555622238,Wando-Doam Bay,KOR,Ia,1,311.559272604556
555622239,555622239,Hampyeong Bay,KOR,Ia,1,62.7215300969829
555624304,555624304,Islas del Pacífico de la Península de Baja California,MEX,Ia,2,11320.6584385352
555624306,555624306,Caribe Mexicano,MEX,Ia,2,57303.1083282498
555624831,555624831,Jazirat al-Huwaysat / Dawhat Duwayhin,SAU,Ia,1,507.460594433066
555624837,555624837,Umm al-Qamari Islands,SAU,Ia,2,4.18467375528548
555624849,555624849,Guaraqueçaba Ecological Station,BRA,Ib,1,7.66437099884665
555625215,555625215,Raine Island,AUS,Ia,1,0.181184229628737
555625353,555625353,Investigator Group,AUS,Ib,1,0.803325049194108
555625764,555625764,Gaulosen,NOR,Ia,2,10.6986464257859
555625765,555625765,Jærkysten,NOR,Ia,2,142.667376662029
555625766,555625766,Rødberg,NOR,Ia,2,13.9033819269427
555629385,555629385,Revillagigedo,MEX,Ia,2,147914.672652441
555632405,555632405,"Sääre LKA, Vesitükimaa skv.",EST,Ib,2,1.74016712390031
555632594,555632594,"Letipea MKA, Laidude skv.",EST,Ib,1,0.030528035540997
555633194,555633194,Replot gemensamma holmar,FIN,Ib,1,0.010056316294071
555633195,555633195,Replotfjärden,FIN,Ib,2,33.5606564236512
555634125,555634125,Ørin,NOR,Ia,2,1.90456330122741
555635846,555635846,Karimata,IDN,Ia,2,1873.00279579873
555635851,555635851,Pulau Nusa,IDN,Ia,2,0.03216763732917
555635917,555635917,Bukit Barisan Selatan,IDN,Ia,2,102.886567982537
555637700_C,555637700,Rochers aux Oiseaux Bird Sanctuary,CAN,Ia,2,6.45785878809245
555637728,555637728,Basque Islands Nature Reserve,CAN,Ia,1,0.020126968795329
555638858,555638858,2045772 Lill-Furuön,SWE,Ia,1,1.08901754084499
555639167,555639167,2052271 Biotopskydd SK 479-2018,SWE,Ia,1,0.016362448050547
555639312,555639312,2048923 Biotopskydd SK 196-2017,SWE,Ia,1,0.005284377008385
555639331,555639331,2047936 Tavasten - Skeppsviksskärgården,SWE,Ia,1,14.775900828544
555639332,555639332,2050202 Fjärdingsöarnas naturreservat,SWE,Ia,1,5.90791865093854
555639758,555639758,2043737 Kallfjärden,SWE,Ib,2,155.561722777953
555639773,555639773,2046759 Ladudden,SWE,Ia,1,0.048301376652714
555639779,555639779,2043739 Kunoöhällan,SWE,Ia,2,1.65761518373028
555639780,555639780,2048880 Stensund,SWE,Ia,1,0.056111265560818
555639781,555639781,2050262 Södra Finnöskogen,SWE,Ia,1,0.050043471506927
555639787,555639787,2043738 Ålandet,SWE,Ia,1,0.210721159373655
555639792,555639792,2047203 Djupviken,SWE,Ia,1,0.030247903217475
555639797,555639797,2045424 Tallinsudden,SWE,Ia,1,0.226897513051089
555639835,555639835,"Vorsø, Vorsø Kalv og Langøerne",DNK,Ia,1,7.98501484988602
555639910,555639910,Bouvetøya (Antarctic),BVT,Ib,2,2214.78462969425
555641241,555641241,Molpe,FIN,Ib,2,31.3373120168441
555641448,555641448,Storskäret och Smf vattenområden,FIN,Ib,2,29.95914794171
555641921,555641921,"Apollo meremadaliku LKA, Apollo skv.",EST,Ib,2,52.1570889942323
555643564,555643564,Namuncurá - Banco Burdwood II,ARG,Ia,2,19733.839093611
555643567,555643567,Yaganes,ARG,Ia,2,58234.8599189952
555643732,555643732,Seal Island (WA32199),AUS,Ia,1,0.008083334223679
555645465,555645465,Ngerchebal Island Wildlife Conservation,PLW,Ib,2,7.31383910066719
555646866,555646866,Ngaremeduu Bay Network,PLW,Ia,2,117.141942882137
555651680,555651680,National Gizilaghaj Park,AZE,Ia,1,121.494690091767
555655551,555655551,Anacapa Island Federal Marine Conservation Area,USA,Ia,2,6.09371412661185
555655552,555655552,Anacapa Island Federal Marine Reserve,USA,Ia,2,9.80203654060936
555655562,555655562,Bodega Marine Life Refuge,USA,Ia,1,0.579397475400046
555655573,555655573,Cape Falcon Marine Reserve,USA,Ia,2,31.9062652495063
555655579,555655579,Cape Perpetua Marine Reserve,USA,Ia,2,36.3084520882135
555655585,555655585,Cascade Head Marine Reserve,USA,Ia,2,25.0074146566312
555655592,555655592,City of Des Moines Park Conservation Area,USA,Ia,1,0.01690778635221
555655604,555655604,Edmonds Underwater Park,USA,Ia,2,0.177900002892905
555655607,555655607,Footprint (Anacapa Channel) Federal Marine Reserve,USA,Ia,2,55.281201572481
555655618,555655618,Gull Island (Santa Cruz Island) Federal Marine Reserve,USA,Ia,2,37.5482654214864
555655622,555655622,Harris Point (San Miguel Island) Federal Marine Reserve,USA,Ia,2,61.1660325434497
555655628,555655628,Honolua-Mokuleia Bay Marine Life Conservation District,USA,Ia,1,0.154994246678433
555655629,555655629,Hopkins Marine Life Refuge,USA,Ia,2,0.315567930235708
555655633,555655633,Keystone Conservation Area,USA,Ia,1,0.039160666515201
555655650,555655650,Moku-o-loe Island (Coconut Island) Marine Laboratory Refuge,USA,Ia,1,0.261003889661565
555655665,555655665,Octopus Hole Conservation Area,USA,Ia,2,0.127615725026382
555655666,555655666,Ofu Vaoto Marine Park,ASM,Ia,2,0.381524525097762
555655683,555655683,Richardson Rock (San Miguel Island) Federal Marine Reserve,USA,Ia,2,82.7942426362237
555655687,555655687,Saltar's Point Beach Conservation Area,USA,Ia,1,0.013120309889899
555655690,555655690,Santa Barbara Island Federal Marine Reserve,USA,Ia,2,113.904851833108
555655692,555655692,Sasanhaya Fish Reserve,MNP,Ia,2,0.826773549651995
555655693,555655693,Scorpion (Santa Cruz Island) Federal Marine Reserve,USA,Ia,2,22.7935321827962
555655698,555655698,South 239th Street Park Conservation Area,USA,Ia,1,0.000675504202263
555655701,555655701,South Point (Santa Rosa Island) Federal Marine Reserve,USA,Ia,2,4.88383018392743
555655702,555655702,St. Catherines Bar Natural Area,USA,Ia,1,0.897990769248753
555655703,555655703,Steller Sea Lion Rookery Buffer Areas Buffer,USA,Ia,2,3348.24197895147
555655712,555655712,Waketickeh Creek Conservation Area,USA,Ia,2,0.5890097023894
555655713,555655713,Whale Cove Habitat Refuge,USA,Ia,1,0.106760265665421
555661563,555661563,Hawaiian Islands National Wildlife Refuge,USA,Ib,1,0.568347459640884
555661660,555661660,Cape Meares National Wildlife Refu,USA,Ia,1,0.146798012963443
555665363,555665363,Farallon,USA,Ib,1,0.033077369614725
555665403,555665403,Cedar Keys National Wildlife Refuge.Wilderness Area,USA,Ib,1,0.219915793125294
555665411,555665411,Key West National Wildlife Refuge.Wilderness Area,USA,Ib,1,1.15516642388035
555665451,555665451,Baker Island National Wildlife Refu,UMI,Ib,2,127.351993219153
555665471,555665471,Howland Island National Wildlife Refu,UMI,Ib,2,137.104283336348
555665474,555665474,Jarvis Island National Wildlife Refu,UMI,Ib,2,147.254468183438
555665477,555665477,Kingman Reef National Wildlife Refu,UMI,Ib,2,1968.31469926869
555665485,555665485,Palmyra Atoll National Wildlife Refu,UMI,Ib,2,2149.42849747918
555665489,555665489,Rose Atoll National Wildlife Refu,ASM,Ib,2,6.67036953918864
555669937,555669937,Alligator Reef Sanctuary Preserva Sanctuary,USA,Ia,2,0.836905462435637
555669941,555669941,Carysfort/South Carysfort Reef Sanctuary Preserva Sanctuary,USA,Ia,2,5.28541024932279
555669944,555669944,Cheeca Rocks Sanctuary Preserva Sanctuary,USA,Ia,2,0.184807757948914
555669945,555669945,Coffins Patch Sanctuary Preserva Sanctuary,USA,Ia,2,1.00426509567984
555669946,555669946,Conch Reef Research Only Area Sanctuary Preservation Area,USA,Ia,2,0.388277542132616
555669947,555669947,Conch Reef Sanctuary Preserva Sanctuary,USA,Ia,2,0.481653219537245
555669951,555669951,Davis Reef Sanctuary Preserva Sanctuary,USA,Ia,2,0.356506789076513
555669953,555669953,Dry Rocks Sanctuary Preserva Sanctuary,USA,Ia,2,0.205741987590578
555669956,555669956,Eastern Dry Rocks Sanctuary Preserva Sanctuary,USA,Ia,2,0.368088924812555
555669958,555669958,Eastern Sambo Research Only Area Research Only Area,USA,Ia,2,0.625291049518111
555669959,555669959,French Reef Sanctuary Preserva Sanctuary,USA,Ia,2,0.484439718160162
555669960,555669960,Grecian Rocks Sanctuary Preserva Sanctuary,USA,Ia,2,0.43138843688072
555669961,555669961,Hen and Chickens Sanctuary Preserva Sanctuary,USA,Ia,2,0.428729197799661
555669966,555669966,Looe Key Research Only Area Sanctuary Preservation Area,USA,Ia,2,0.600159091771066
555669967,555669967,Looe Key Sanctuary Preserva Sanctuary,USA,Ia,2,1.51595993577238
555669971,555669971,Molasses Reef Sanctuary Preserva Sanctuary,USA,Ia,2,1.00182427525874
555669973,555669973,Newfound Harbor Key Sanctuary Preserva Sanctuary,USA,Ia,2,0.432770768835147
555669974,555669974,Northwestern Hawaiian Islands Marine Refuge,USA,Ia,2,2016.90778362174
555669976,555669976,Rock Key Sanctuary Preserva Sanctuary,USA,Ia,2,0.269063192125193
555669978,555669978,Round Island No Entry Zone,USA,Ia,2,140.434712338599
555669979,555669979,Sand Key Sanctuary Preserva Sanctuary,USA,Ia,2,1.15924036203202
555669982,555669982,Sombrero Key Sanctuary Preserva Sanctuary,USA,Ia,2,0.676829588745084
555669983,555669983,Tennessee Reef Research Only Area Research Only Area,USA,Ia,2,0.347045513866431
555669984,555669984,The Elbow Sanctuary Preserva Sanctuary,USA,Ia,2,1.03474884129138
555669989,555669989,Western Sambo Ecological Reserve,USA,Ia,2,29.9633973646615
555672147,555672147,"Florida Keys Sanctuary Preservation Areas - Cheeca Rocks, Eastern Dry Rocks, Hens and Chickens, Rock Key Sanctuary",USA,Ia,2,1.25068907268632
555672149,555672149,Hawaiian Islands National Wildlife Refuge,USA,Ia,2,1029.38291057353
555672157,555672157,Tortugas Ecological Reserve,USA,Ia,2,469.778508912165
555672158,555672158,Tortugas North Ecological Reserve,USA,Ia,2,282.560086806799
555672159,555672159,Tortugas South Ecological Reserve,USA,Ia,2,187.219874241686
555672205,555672205,Hawaiian Islands National Wildlife Refu,USA,Ia,2,430.688690462177
555672206,555672206,Hawaiian Islands National Wildlife Refuge,USA,Ib,1,0.244799227393115
555672207,555672207,Lewis And Clark National Wildlife Refu,USA,Ib,1,23.0227964116855
555672667,555672667,Dry Tortugas Research Natural Area,USA,Ia,2,119.753607032583
555672697,555672697,Papahanaumokuakea Marine National Monument Particularly Sensitive Sea Area National Monument,USA,Ia,2,362203.163521851
555674839,555674839,Waikiki Marine Life Conservation District,USA,Ia,2,0.313186897187726
555678720,555678720,Steller Sealion Protection Area - No Transit Area No Access Fishery Management Area,USA,Ia,2,3251.25981938488
555681933,555681933,Redonda Ecosystem Reserve,ATG,Ia,2,298.751227427897
555691077,555691077,Drangar,ISL,Ib,1,11.089947001764
555691350,555691350,Korsnäs bys samfällighet,FIN,Ib,1,22.0998464855205
555697567,555697567,Ha.Gallandhoo Sarahahdhu,MDV,Ia,2,2.39856967592519
555698157,555698157,Reserve Naturelle de Cap Lindles,DZA,Ia,1,43.1974846287531
555702436,555702436,2053024 Ottenby rev,SWE,Ib,2,125.969546632637
555702439,555702439,2051741 Skånska Kattegatt,SWE,Ib,2,586.483127554202
555702442,555702442,2043609 Limön,SWE,Ia,1,0.991369669834507
555702443,555702443,2051019 Långholmen-Käringö,SWE,Ia,1,0.947862795312307
555702444,555702444,2052821 Storsanden,SWE,Ia,1,0.168610839706348
555702446,555702446,2053363 Öster-Mörtarö,SWE,Ia,1,0.03458216885159
555702449,555702449,2043729 Mössnäsudden,SWE,Ia,1,0.195265258602864
555702502,555702502,Liefdefjorden,SJM,Ia,1,21.9085215786341
555702520,555702520,Stemnebøskogen,NOR,Ia,1,0.13754329216589
555702542,555702542,Geitanosi,NOR,Ia,1,4.48805545162708
555702544,555702544,Øyna,NOR,Ia,1,0.086323921180112
555702545,555702545,Hylsskaret,NOR,Ia,1,1.74665213076988
555704264_B,555704264,Watshishou Bird Sanctuary,CAN,Ia,2,98.8881733149473
555704270_B,555704270,Saint-Augustin Bird Sanctuary,CAN,Ia,2,46.9779350012331
555704274,555704274,Nicolet Bird Sanctuary,CAN,Ia,1,11.1799816216102
555704280,555704280,Îles de la Paix National Wildlife Area,CAN,Ia,1,0.231307146038093
555704282,555704282,Estuary Islands National Wildlife Area,CAN,Ia,1,1.54954857170424
555704284_B,555704284,Sainte-Marie Islands Bird Sanctuary,CAN,Ia,2,35.8957782371071
555704286_A,555704286,Île à la Brume Bird Sanctuary,CAN,Ia,1,0.289401033940966
555704286_B,555704286,Île à la Brume Bird Sanctuary,CAN,Ia,2,34.5240304420644
555704287_B,555704287,Gros Mécatina Bird Sanctuary,CAN,Ia,2,21.236106965063
555704289_B,555704289,Île du Corossol Bird Sanctuary,CAN,Ia,2,2.67881933908139
555704292,555704292,Cap-Saint-Ignace Bird Sanctuary,CAN,Ia,1,1.14484097209935
555704293_B,555704293,Baie de Brador Bird Sanctuary,CAN,Ia,2,4.61983100871269
555704295_B,555704295,Boatswain Bay Bird Sanctuary,CAN,Ia,1,60.8696077785287
555704296,555704296,Rochers aux Oiseaux Bird Sanctuary,CAN,Ia,1,0.036054357007207
555704297_B,555704297,Betchouane Bird Sanctuary,CAN,Ia,1,3.9509356385968
555704298_B,555704298,Baie des Loups Bird Sanctuary,CAN,Ia,2,34.1366300884172
555704298_A,555704298,Baie des Loups Bird Sanctuary,CAN,Ia,1,0.303713120205665
555704851_A,555704851,DUKE OF EDINBURGH (PINE/STORM/TREE ISLETS) ECOLOGICAL RESERVE,CAN,Ia,1,0.153230860320866
555704851_B,555704851,DUKE OF EDINBURGH (PINE/STORM/TREE ISLETS) ECOLOGICAL RESERVE,CAN,Ia,2,4.27706992057211
555705105,555705105,Grassy Island Nature Reserve,CAN,Ia,1,0.000771364478393
555705586,555705586,Pulau Tukong Ara-Banun,MYS,Ia,2,0.101095761108889
555705640,555705640,"Pulau Saga, Pulau Saddle & Pulau Laila",MYS,Ia,1,0.198714380872285
555705958,555705958,Lh.Dhashugiri Finolhu,MDV,Ia,2,3.30387386995276
555708108,555708108,Medvezh`i ostrova,RUS,Ia,1,4698.09190983099
555711030,555711030,Beringiya,RUS,Ib,1,3235.42381296415
555711347,555711347,Vostok Finskogo zaliva (Ingermanlandskij),RUS,Ia,2,138.433203805483
555711569,555711569,Zimoval`nye yamy   2,RUS,Ia,1,0.045305296835299
555711792,555711792,Neneckij,RUS,Ia,1,1910.63811673396
555714472,555714472,Russkaya Arktika,RUS,Ia,1,65906.5591167065
555714943,555714943,Novosibirskie ostrova,RUS,Ib,1,46011.5106887325
555715052,555715052,Philippine Rise Marine Resource Reserve,PHL,Ib,2,3580.13728729757
555716223,555716223,Abbassieh Nature Reserve,LBN,Ib,2,2.7184876963975
555721445,555721445,Izu-Ogasawara Trench,JPN,Ib,2,115689.175614086
555721446,555721446,Nishi-Shichito Ridge,JPN,Ib,2,36596.1536016829
555721447,555721447,Northern part of Naka Mariana Ridge and West Mariana Ridge,JPN,Ib,2,63194.5909539338
555721448,555721448,Northern part of Mariana Trench,JPN,Ib,2,11227.1464330973
555728917,555728917,Umeälvens delta,SWE,Ib,1,11.1958018913441
555728922,555728922,Umeälvens delta och slätter,SWE,Ib,1,11.1957995175339
555728959,555728959,Vitgrund-Norrskär,SWE,Ia,1,2.80182700106717
555728969,555728969,Norr-Äspen,SWE,Ia,1,3.45794361910145
555729093,555729093,Stor-Räbben,SWE,Ib,1,35.9010825545652
555729127,555729127,Svenska Björn,SWE,Ib,2,39.7369416618251
555729184,555729184,Kullaberg,SWE,Ib,1,3.93854904528798
555729201,555729201,Kluntarna,SWE,Ia,1,5.24013145146445
555729203,555729203,Hertsånger,SWE,Ia,1,2.08108172443007
555729204,555729204,Trutskär,SWE,Ia,1,0.41927097954302
555729228,555729228,Vitgrund-Norrskär,SWE,Ia,1,2.80182700106717
555729406,555729406,Käringboda,SWE,Ia,1,1.69581402365174
555729483,555729483,Likskäret,SWE,Ia,1,0.679446667761308
555729543,555729543,Väggö,SWE,Ia,1,0.509102298493404
555729568,555729568,Bondöfjärden,SWE,Ib,1,24.3535441596214
555729590,555729590,Stora Karlsö,SWE,Ia,1,9.24494891209129
555729671,555729671,Idön,SWE,Ia,1,0.731698538650689
555729757,555729757,Vargödraget,SWE,Ia,2,3.36533472946696
555729796,555729796,Limön,SWE,Ia,1,1.00366389265407
555729834,555729834,Svenska Högarna,SWE,Ib,2,25.5216683238902
555729881,555729881,Bjuröklubb,SWE,Ia,1,3.4929482525009
555729896,555729896,Rataskär,SWE,Ia,1,0.406953773465752
555729969,555729969,Strandskogen,SWE,Ia,1,0.339686775292388
555729978,555729978,Jonstorp-Vegeåns mynning,SWE,Ib,1,11.3601020046864
555730038,555730038,Stora Nassa,SWE,Ib,1,26.0351033374377
555730077,555730077,Patta Peken,SWE,Ib,2,18.4864848006268
555730217,555730217,Uggelö,SWE,Ia,1,3.20554541203246
555730221,555730221,Harkskärsfjärden,SWE,Ia,1,1.67844926905853
555730246,555730246,Harkskärsfjärden,SWE,Ia,1,1.67844926905853
555730355,555730355,Båtöfjärden,SWE,Ia,2,8.93941168086622
555730364,555730364,Billudden,SWE,Ia,1,16.660994663254
555730619,555730619,Strandstuviken,SWE,Ia,1,6.28419240663491
555730627,555730627,Skags-Furuholmen,SWE,Ia,1,0.474794613685768
555730651,555730651,Väggö,SWE,Ia,1,0.509102298493404
555730666,555730666,Haparanda Sandskär,SWE,Ib,2,9.59785437366593
555730685,555730685,Norrpada,SWE,Ia,1,0.067396446008229
555730815,555730815,Vitörarna,SWE,Ia,1,0.961020178510944
555730838,555730838,Missjö,SWE,Ib,1,16.455135922122
555730916,555730916,Grönviksmyran,SWE,Ia,1,0.078706832188466
555730935,555730935,Klubben-Rickleån,SWE,Ia,1,0.467944842293349
555731047,555731047,Missjö,SWE,Ib,1,16.455135922122
555731073,555731073,Högbådan,SWE,Ia,1,0.054103047513951
555731086,555731086,Utklippan,SWE,Ia,1,1.04059850269986
555731108,555731108,Stora Nassa,SWE,Ib,1,26.0351033374377
555731125,555731125,Björn,SWE,Ia,2,3.06725323587718
555731135,555731135,Ostnäs,SWE,Ia,1,6.17019569486957
555731166,555731166,Grönskärsfladorna,SWE,Ia,1,0.097702655429669
555731193,555731193,Huvudskär,SWE,Ia,2,19.7817206357185
555731238,555731238,Skallön,SWE,Ia,1,1.26372657999613
555731245,555731245,Gran,SWE,Ia,1,4.06009819637982
555731280,555731280,Massan,SWE,Ia,1,0.417069384484518
555731284,555731284,"Ängskär, Bondskäret",SWE,Ia,1,1.80121417656487
555731313,555731313,Rörvik,SWE,Ia,1,0.137733012769641
555731405,555731405,Gotska Sandön-Salvorev,SWE,Ib,2,567.615978195928
555731433,555731433,Gåsfeten,SWE,Ia,1,0.092649171955121
555731479,555731479,Torne-Furö,SWE,Ia,1,1.26848837238367
555731485,555731485,Härön,SWE,Ia,1,3.38168541411281
555731518,555731518,Kålsö,SWE,Ia,1,0.297431686675042
555731548,555731548,Rödkallen-SörÄspen,SWE,Ib,1,61.6771979563346
555731589,555731589,Likskär,SWE,Ib,1,22.4626616692411
555731591,555731591,Skälderviken,SWE,Ib,1,11.602913823538
555731600,555731600,Hållnäskusten,SWE,Ia,1,10.0099023161174
555731626,555731626,Bullerskär,SWE,Ia,1,0.02025897573111
555731639,555731639,Svenska Högarna,SWE,Ib,2,25.5216683238902
555731757,555731757,Sandemar,SWE,Ia,1,1.40856809200009
555731765,555731765,Hästholmen,SWE,Ia,1,0.168999492481738
555731825,555731825,Strandstuviken,SWE,Ia,1,6.28419240663491
555731847,555731847,Kullaberg,SWE,Ib,1,3.93854904528798
555731990,555731990,Rödkallen-SörÄspen,SWE,Ib,1,61.6771979563346
555732003,555732003,Limön,SWE,Ia,1,1.00366389265407
555732014,555732014,Agön-Kråkön,SWE,Ib,1,32.9765890747965
555732035,555732035,Halsören,SWE,Ia,1,0.247900817277907
555732072,555732072,Utstenarna,SWE,Ia,1,0.052978650160229
555732126,555732126,Vargön,SWE,Ib,1,8.94956988418051
555732201,555732201,Högbonden,SWE,Ia,1,2.56965643654272
555732227,555732227,Segersgärde,SWE,Ia,1,0.900399162243251
555732260,555732260,Sikören,SWE,Ia,1,1.53001860072595
555732310,555732310,Strandtorp,SWE,Ia,1,0.202210406217941
555732398,555732398,Malören,SWE,Ia,1,1.1826769132768
555732408,555732408,Agön-Kråkön,SWE,Ib,1,32.9765890747965
555732520,555732520,Långvind,SWE,Ia,1,5.7990170201822
555732525,555732525,Bergöfjärden,SWE,Ia,2,7.32418579872198
555732549,555732549,Hölick,SWE,Ia,1,2.85564012001625
555732562,555732562,Sandemar,SWE,Ia,1,1.40856809200009
555732606,555732606,Bådan,SWE,Ib,2,17.9685883542905
555732623,555732623,Harufjärden,SWE,Ib,2,26.1701440307568
555732743,555732743,Utklippan,SWE,Ia,1,1.04059850269986
555732784,555732784,Furuholmen,SWE,Ia,2,0.318357298172146
555732829,555732829,Balesudden,SWE,Ia,1,3.15836778478632
555732927,555732927,Skeppsviksskärgården,SWE,Ia,1,6.32411981818414
555733026,555733026,Kalix yttre skärgård,SWE,Ib,2,91.863901754607
555733036,555733036,Granholmen,SWE,Ia,1,0.733227479588611
555733104,555733104,Holsterörarna,SWE,Ia,1,1.16309274571211
555733228,555733228,Långvind,SWE,Ia,1,5.7990170201822
555733262,555733262,Bokö-Oxnö,SWE,Ia,1,2.70468747236848
555733306,555733306,Skaten-Rångsen,SWE,Ib,1,18.0529382116986
555733459,555733459,Stora Karlsö,SWE,Ia,1,9.24494891209129
555733565,555733565,2055163 Biotopskydd SK 517-2018,SWE,Ia,1,0.005895044744372
555733814,555733814,2056692 Biotopskydd SK 287-2021,SWE,Ia,1,0.018494726613275
555733901,555733901,2055062 Biotopskydd SK 184-2017,SWE,Ia,1,0.014229478856273
555733953,555733953,2051059 Alet,SWE,Ia,1,0.078293356943608
555733957,555733957,2049038 Sik,SWE,Ia,2,13.0042684805326
555734073,555734073,2046813 Gråberget,SWE,Ia,1,0.047485103631591
555734076,555734076,2041595 Långvind,SWE,Ia,1,9.00787033522655
555734084,555734084,2023249 Malören - Vånören,SWE,Ia,1,22.3155266184362
555734146,555734146,2055541 Örstigsnäs,SWE,Ia,1,1.3215541993023
555734154,555734154,2053081 Häcksören,SWE,Ia,1,0.322502665952812
555737258,555737258,Kvernvasselva,NOR,Ia,1,0.155265788155243
555737269,555737269,Teineholmen,NOR,Ia,1,0.032592418835689
555737285,555737285,Brøskjahagan,NOR,Ia,1,0.089032569360977
555743370,555743370,Engan og Liabugen,NOR,Ia,1,0.586740488762032
555744290,555744290,Île de la Traverse Natural Area Under Private Stewardship,CAN,Ia,1,0.019018270417513
555744957,555744957,Palm Island,BMU,Ia,1,0.001031172867666
555744958,555744958,Morgan's Island,BMU,Ia,1,0.001343072493847
555761262,555761262,"Neugrundi LKA, Neugrundi skv.",EST,Ib,2,21.5213917277854
555761416,555761416,"Vilsandi RP, Uus Nootamaa skv.",EST,Ib,2,0.22421255627308
555761417,555761417,"Vilsandi RP, Pätsurahu skv.",EST,Ib,2,0.307280113474167
555761428,555761428,"Matsalu RP, Härjamaa reservaat",EST,Ia,2,3.69677381352751
555761429,555761429,"Matsalu RP, Tondirahu-Valgerahu reservaat",EST,Ia,2,1.7815158395426
555762745,555762745,Skagelidalen,NOR,Ia,1,0.046755636085472
555763233,555763233,2060101 Farstanäs,SWE,Ia,1,0.324338577862552
555763249,555763249,2057562 Skenäs,SWE,Ia,1,0.627227415379248
555763267,555763267,2058501 Ulvö-havet,SWE,Ia,1,57.7631372281856
555763278,555763278,2047538 Greby-Kleva,SWE,Ia,1,0.084761342668375
555763313,555763313,2061083 Biotopskydd SK 227-2018,SWE,Ia,1,0.016523593225352
555763317,555763317,2061082 Biotopskydd SK 161-2018,SWE,Ia,1,0.006497397494667
555763342,555763342,2059301 Hamrar,SWE,Ia,1,0.047437365544994
555763364,555763364,2042627 Harkskärsfjärden,SWE,Ia,1,1.6786513255623
555763418,555763418,2054521 Ronneby blåmusselbankar,SWE,Ia,2,141.884828686707
555763426,555763426,2048379 Korsnäs,SWE,Ia,1,0.127286042709014
555783008,555783008,Cordillera Beata,COL,Ia,2,33174.702497
555783589,555783589,Reserva Natural Tartaruga,CPV,Ia,2,161.053195028034
555783590,555783590,RNI Ilhéu Baluarte,CPV,Ia,1,0.643048563749674
555783591,555783591,RNI Ilhéu de Curral Velho,CPV,Ia,2,0.411683933785707
555783592,555783592,RNI Ilhéu dos Pássaros,CPV,Ia,2,0.391427013645425
555783593,555783593,RNI Ilhéus do Rombo,CPV,Ia,1,6.0976593060949
555783752_B,555783752,Bajos del Norte,MEX,Ia,2,3444.56414292183
555784492,555784492,Thomas B. Munro Memorial Shoreline,CAN,Ib,1,0.037510110222687
555784516,555784516,Hampton Marsh,CAN,Ib,1,0.033999215933852
555790802,555790802,Nayaru NR,LKA,Ib,1,6.435067
555790807,555790807,WedithalathiveNR,LKA,Ib,1,212.001322
